year,week,Rank,Player,FG,FGA,PCT,LG,1-19,20-29,30-39,40-49,50+,XPT,XPA,G,FPTS,FPTS/G,ROST
2020,1,1,Daniel Carlson(LV),2,2,100.0,54,0,1,0,0,1,4,4,1,12.0,12.0,15.2%
2020,1,2,Matt Prater(FA),3,4,75.0,44,0,1,1,1,0,2,2,1,12.0,12.0,0.9%
2020,1,3,Mason Crosby(FA),2,2,100.0,43,0,0,1,1,0,5,5,1,12.0,12.0,0.1%
2020,1,4,Josh Lambo(FA),2,2,100.0,50,0,0,0,1,1,3,3,1,12.0,12.0,0.6%
2020,1,5,Joey Slye(TEN),3,3,100.0,47,0,0,1,2,0,1,2,1,12.0,12.0,2.0%
2020,1,6,Michael Badgley(FA),3,4,75.0,43,0,2,0,1,0,1,1,1,11.0,11.0,3.4%
2020,1,7,Dustin Hopkins(CLE),2,3,66.7,40,0,0,1,1,0,3,3,1,10.0,10.0,2.0%
2020,1,8,Randy Bullock(FA),2,3,66.7,50,0,0,0,1,1,1,1,1,10.0,10.0,1.2%
2020,1,9,Robbie Gould(FA),2,2,100.0,52,0,1,0,0,1,2,2,1,10.0,10.0,1.1%
2020,1,10,Wil Lutz(DEN),2,2,100.0,29,0,2,0,0,0,4,4,1,10.0,10.0,32.9%
2020,1,11,Harrison Butker(KC),2,2,100.0,29,1,1,0,0,0,4,4,1,10.0,10.0,68.5%
2020,1,12,Justin Tucker(FA),1,1,100.0,41,0,0,0,1,0,5,5,1,9.0,9.0,10.4%
2020,1,13,Cairo Santos(CHI),2,2,100.0,35,0,1,1,0,0,3,3,1,9.0,9.0,14.0%
2020,1,14,Jason Myers(SEA),1,1,100.0,42,0,0,0,1,0,5,5,1,9.0,9.0,7.2%
2020,1,15,Younghoe Koo(ATL),2,2,100.0,49,0,0,0,2,0,1,2,1,9.0,9.0,22.0%
2020,1,16,Tyler Bass(BUF),2,4,50.0,22,1,1,0,0,0,3,3,1,9.0,9.0,61.2%
2020,1,17,Chris Boswell(PIT),2,2,100.0,41,0,0,1,1,0,2,3,1,9.0,9.0,72.6%
2020,1,18,Zane Gonzalez(FA),1,3,33.3,56,0,0,0,0,1,3,3,1,8.0,8.0,6.3%
2020,1,19,Rodrigo Blankenship(FA),2,3,66.7,38,0,1,1,0,0,2,2,1,8.0,8.0,0.2%
2020,1,20,Sam Sloman(FA),2,3,66.7,35,0,0,2,0,0,2,2,1,8.0,8.0,1.2%
2020,1,21,Ryan Succop(FA),1,2,50.0,38,0,0,1,0,0,2,2,1,5.0,5.0,1.5%
2020,1,22,Jake Elliott(PHI),1,2,50.0,38,0,0,1,0,0,2,2,1,5.0,5.0,60.7%
2020,1,23,Greg Zuerlein(FA),1,2,50.0,33,0,0,1,0,0,2,2,1,5.0,5.0,1.7%
2020,1,24,Sam Ficken(FA),1,1,100.0,31,0,0,1,0,0,2,2,1,5.0,5.0,0.0%
2020,1,25,Graham Gano(NYG),1,1,100.0,21,0,1,0,0,0,1,1,1,4.0,4.0,2.3%
2020,1,26,Jason Sanders(MIA),1,1,100.0,46,0,0,0,1,0,0,0,1,4.0,4.0,43.2%
2020,1,27,Stephen Gostkowski(FA),1,4,25.0,25,0,1,0,0,0,1,2,1,4.0,4.0,0.8%
2020,1,28,Dan Bailey(FA),1,1,100.0,35,0,0,1,0,0,1,1,1,4.0,4.0,1.1%
2020,1,29,Nick Folk(FA),0,1,0.0,0,0,0,0,0,0,3,3,1,3.0,3.0,0.9%
2020,1,30,Brandon McManus(GB),0,0,0,0,0,0,0,0,0,2,2,1,2.0,2.0,7.3%
2020,1,31,Ka'imi Fairbairn(HOU),0,1,0.0,0,0,0,0,0,0,2,2,1,2.0,2.0,66.4%
2020,1,32,Austin Seibert(FA),0,1,0.0,0,0,0,0,0,0,0,1,1,0.0,0.0,0.7%
2020,1,33,Ty Long(FA),0,0,0,0,0,0,0,0,0,0,0,1,0.0,0.0,1.1%
2020,2,1,Younghoe Koo(ATL),4,4,100.0,42,0,1,1,2,0,3,3,1,17.0,17.0,22.0%
2020,2,2,Justin Tucker(FA),4,4,100.0,47,0,1,2,1,0,3,3,1,16.0,16.0,10.4%
2020,2,3,Rodrigo Blankenship(FA),4,4,100.0,44,0,1,2,1,0,2,2,1,15.0,15.0,0.2%
2020,2,4,Randy Bullock(FA),3,3,100.0,43,0,1,1,1,0,3,3,1,13.0,13.0,1.2%
2020,2,5,Harrison Butker(KC),3,3,100.0,58,0,0,1,0,2,0,1,1,13.0,13.0,68.5%
2020,2,6,Zane Gonzalez(FA),3,3,100.0,49,0,1,1,1,0,3,3,1,13.0,13.0,6.3%
2020,2,7,Daniel Carlson(LV),2,2,100.0,54,0,1,0,0,1,4,4,1,12.0,12.0,15.2%
2020,2,8,Ka'imi Fairbairn(HOU),3,3,100.0,45,0,0,1,2,0,1,1,1,12.0,12.0,66.4%
2020,2,9,Stephen Gostkowski(FA),2,2,100.0,51,0,0,0,1,1,3,4,1,12.0,12.0,0.8%
2020,2,10,Jason Sanders(MIA),2,2,100.0,52,0,0,0,1,1,2,2,1,11.0,11.0,43.2%
2020,2,11,Mason Crosby(FA),2,2,100.0,43,0,0,1,1,0,4,4,1,11.0,11.0,0.1%
2020,2,12,Greg Zuerlein(FA),2,2,100.0,46,0,0,1,1,0,4,4,1,11.0,11.0,1.7%
2020,2,13,Michael Badgley(FA),2,2,100.0,41,0,1,0,1,0,2,2,1,9.0,9.0,3.4%
2020,2,14,Brandon McManus(GB),2,3,66.7,49,0,1,0,1,0,1,1,1,8.0,8.0,7.3%
2020,2,15,Robbie Gould(FA),1,1,100.0,46,0,0,0,1,0,4,4,1,8.0,8.0,1.1%
2020,2,16,Sam Ficken(FA),2,2,100.0,41,0,1,0,1,0,1,1,1,8.0,8.0,0.0%
2020,2,17,Graham Gano(NYG),2,3,66.7,39,0,0,2,0,0,1,1,1,7.0,7.0,2.3%
2020,2,18,Sam Sloman(FA),1,1,100.0,30,0,0,1,0,0,4,5,1,7.0,7.0,1.2%
2020,2,19,Jake Elliott(PHI),2,2,100.0,38,0,0,2,0,0,1,1,1,7.0,7.0,60.7%
2020,2,20,Ryan Succop(FA),1,1,100.0,33,0,0,1,0,0,4,4,1,7.0,7.0,1.5%
2020,2,21,Tyler Bass(BUF),1,1,100.0,39,0,0,1,0,0,4,4,1,7.0,7.0,61.2%
2020,2,22,Josh Lambo(FA),1,1,100.0,35,0,0,1,0,0,3,4,1,6.0,6.0,0.6%
2020,2,23,Wil Lutz(DEN),1,1,100.0,31,0,0,1,0,0,3,3,1,6.0,6.0,32.9%
2020,2,24,Nick Folk(FA),1,2,50.0,25,0,1,0,0,0,3,3,1,6.0,6.0,0.9%
2020,2,25,Chris Boswell(PIT),1,1,100.0,21,0,1,0,0,0,3,3,1,6.0,6.0,72.6%
2020,2,26,Cairo Santos(CHI),1,2,50.0,34,0,0,1,0,0,2,2,1,5.0,5.0,14.0%
2020,2,27,Joey Slye(TEN),1,1,100.0,23,0,1,0,0,0,2,2,1,5.0,5.0,2.0%
2020,2,28,Cody Parkey(FA),0,0,0,0,0,0,0,0,0,5,5,1,5.0,5.0,1.4%
2020,2,29,Jason Myers(SEA),0,0,0,0,0,0,0,0,0,5,5,1,5.0,5.0,7.2%
2020,2,30,Dan Bailey(FA),1,1,100.0,21,0,1,0,0,0,0,0,1,3.0,3.0,1.1%
2020,2,31,Matt Prater(FA),0,1,0.0,0,0,0,0,0,0,3,3,1,3.0,3.0,0.9%
2020,2,32,Dustin Hopkins(CLE),1,1,100.0,24,0,1,0,0,0,0,0,1,3.0,3.0,2.0%
2020,2,33,Ty Long(FA),0,0,0,0,0,0,0,0,0,0,0,1,0.0,0.0,1.1%
2020,3,1,Stephen Gostkowski(FA),6,6,100.0,55,0,0,3,0,3,1,1,1,25.0,25.0,0.8%
2020,3,2,Mason Crosby(FA),3,3,100.0,52,0,0,1,1,1,4,4,1,16.0,16.0,0.1%
2020,3,3,Joey Slye(TEN),5,5,100.0,31,0,3,2,0,0,0,1,1,15.0,15.0,2.0%
2020,3,4,Jake Elliott(PHI),3,3,100.0,54,0,1,0,1,1,2,2,1,14.0,14.0,60.7%
2020,3,5,Matt Prater(FA),4,4,100.0,39,0,1,3,0,0,2,2,1,14.0,14.0,0.9%
2020,3,6,Robbie Gould(FA),3,4,75.0,52,0,1,1,0,1,3,3,1,14.0,14.0,1.1%
2020,3,7,Wil Lutz(DEN),3,3,100.0,45,0,0,2,1,0,3,3,1,13.0,13.0,32.9%
2020,3,8,Graham Gano(NYG),3,3,100.0,52,0,0,0,2,1,0,0,1,13.0,13.0,2.3%
2020,3,9,Rodrigo Blankenship(FA),2,3,66.7,42,0,0,0,2,0,4,4,1,12.0,12.0,0.2%
2020,3,10,Randy Bullock(FA),3,3,100.0,48,0,1,1,1,0,2,2,1,12.0,12.0,1.2%
2020,3,11,Nick Folk(FA),3,3,100.0,33,0,1,2,0,0,3,4,1,12.0,12.0,0.9%
2020,3,12,Cody Parkey(FA),2,2,100.0,42,0,0,1,1,0,4,4,1,11.0,11.0,1.4%
2020,3,13,Greg Zuerlein(FA),2,2,100.0,43,0,0,0,2,0,1,3,1,9.0,9.0,1.7%
2020,3,14,Ryan Succop(FA),2,2,100.0,43,0,0,1,1,0,2,3,1,9.0,9.0,1.5%
2020,3,15,Justin Tucker(FA),2,2,100.0,42,0,1,0,1,0,2,2,1,9.0,9.0,10.4%
2020,3,16,Chris Boswell(PIT),2,2,100.0,33,0,1,1,0,0,2,2,1,8.0,8.0,72.6%
2020,3,17,Younghoe Koo(ATL),2,3,66.7,36,0,1,1,0,0,2,3,1,8.0,8.0,22.0%
2020,3,18,Daniel Carlson(LV),2,3,66.7,29,0,2,0,0,0,2,2,1,8.0,8.0,15.2%
2020,3,19,Dan Bailey(FA),1,2,50.0,41,0,0,0,1,0,3,3,1,7.0,7.0,1.1%
2020,3,20,Jason Sanders(MIA),1,1,100.0,30,0,0,1,0,0,4,4,1,7.0,7.0,43.2%
2020,3,21,Zane Gonzalez(FA),1,1,100.0,54,0,0,0,0,1,2,3,1,7.0,7.0,6.3%
2020,3,22,Brandon McManus(GB),1,1,100.0,56,0,0,0,0,1,1,1,1,6.0,6.0,7.3%
2020,3,23,Cairo Santos(CHI),1,2,50.0,35,0,0,1,0,0,3,3,1,6.0,6.0,14.0%
2020,3,24,Sam Sloman(FA),1,2,50.0,30,0,0,1,0,0,3,3,1,6.0,6.0,1.2%
2020,3,25,Michael Badgley(FA),1,1,100.0,41,0,0,0,1,0,1,1,1,5.0,5.0,3.4%
2020,3,26,Tyler Bass(BUF),0,0,0,0,0,0,0,0,0,5,5,1,5.0,5.0,61.2%
2020,3,27,Jason Myers(SEA),0,0,0,0,0,0,0,0,0,4,4,1,4.0,4.0,7.2%
2020,3,28,Harrison Butker(KC),0,1,0.0,0,0,0,0,0,0,4,5,1,4.0,4.0,68.5%
2020,3,29,Ka'imi Fairbairn(HOU),0,0,0,0,0,0,0,0,0,3,3,1,3.0,3.0,66.4%
2020,3,30,Dustin Hopkins(CLE),0,0,0,0,0,0,0,0,0,2,3,1,2.0,2.0,2.0%
2020,3,31,Brandon Wright(FA),0,0,0,0,0,0,0,0,0,1,2,1,1.0,1.0,0.0%
2020,3,32,Sam Ficken(FA),0,0,0,0,0,0,0,0,0,1,1,1,1.0,1.0,0.0%
2020,3,33,Ty Long(FA),0,0,0,0,0,0,0,0,0,0,0,1,0.0,0.0,1.1%
2020,4,1,Jason Sanders(MIA),5,5,100.0,45,0,2,0,3,0,0,0,1,18.0,18.0,43.2%
2020,4,2,Sam Ficken(FA),5,5,100.0,54,0,1,3,0,1,1,1,1,18.0,18.0,0.0%
2020,4,3,Brandon McManus(GB),3,3,100.0,54,0,0,0,1,2,4,4,1,18.0,18.0,7.3%
2020,4,4,Randy Bullock(FA),4,4,100.0,46,0,0,2,2,0,3,3,1,17.0,17.0,1.2%
2020,4,5,Aldrick Rosas(FA),4,5,80.0,50,0,1,2,0,1,1,1,1,15.0,15.0,0.0%
2020,4,6,Rodrigo Blankenship(FA),4,4,100.0,44,0,1,2,1,0,1,1,1,14.0,14.0,0.2%
2020,4,7,Daniel Carlson(LV),3,3,100.0,54,0,1,1,0,1,2,2,1,13.0,13.0,15.2%
2020,4,8,Ka'imi Fairbairn(HOU),3,3,100.0,50,0,2,0,0,1,2,2,1,13.0,13.0,66.4%
2020,4,9,Cody Parkey(FA),2,2,100.0,44,0,0,1,1,0,5,5,1,12.0,12.0,1.4%
2020,4,10,Jason Myers(SEA),1,1,100.0,55,0,0,0,0,1,4,4,1,9.0,9.0,7.2%
2020,4,11,Graham Gano(NYG),3,3,100.0,37,0,1,2,0,0,0,0,1,9.0,9.0,2.3%
2020,4,12,Michael Badgley(FA),1,2,50.0,53,0,0,0,0,1,4,4,1,9.0,9.0,3.4%
2020,4,13,Justin Tucker(FA),1,1,100.0,46,0,0,0,1,0,4,4,1,8.0,8.0,10.4%
2020,4,14,Ryan Succop(FA),1,2,50.0,26,0,1,0,0,0,5,5,1,8.0,8.0,1.5%
2020,4,15,Harrison Butker(KC),2,2,100.0,39,0,1,1,0,0,2,3,1,8.0,8.0,68.5%
2020,4,16,Mason Crosby(FA),1,1,100.0,48,0,0,0,1,0,3,4,1,7.0,7.0,0.1%
2020,4,17,Dan Bailey(FA),1,2,50.0,31,0,0,1,0,0,4,4,1,7.0,7.0,1.1%
2020,4,18,Joey Slye(TEN),1,2,50.0,27,0,1,0,0,0,4,4,1,7.0,7.0,2.0%
2020,4,19,Dustin Hopkins(CLE),1,2,50.0,43,0,0,0,1,0,2,2,1,6.0,6.0,2.0%
2020,4,20,Tyler Bass(BUF),1,1,100.0,34,0,0,1,0,0,3,4,1,6.0,6.0,61.2%
2020,4,21,Nick Folk(FA),1,1,100.0,43,0,0,0,1,0,1,1,1,5.0,5.0,0.9%
2020,4,22,Wil Lutz(DEN),0,0,0,0,0,0,0,0,0,5,5,1,5.0,5.0,32.9%
2020,4,23,Jake Elliott(PHI),1,1,100.0,35,0,0,1,0,0,2,2,1,5.0,5.0,60.7%
2020,4,24,Sam Sloman(FA),1,1,100.0,32,0,0,1,0,0,2,2,1,5.0,5.0,1.2%
2020,4,25,Elliott Fry(FA),1,1,100.0,23,0,1,0,0,0,1,2,1,4.0,4.0,1.5%
2020,4,26,Zane Gonzalez(FA),0,0,0,0,0,0,0,0,0,3,3,1,3.0,3.0,6.3%
2020,4,27,Matt Prater(FA),0,0,0,0,0,0,0,0,0,3,3,1,3.0,3.0,0.9%
2020,4,28,Cairo Santos(CHI),1,1,100.0,27,0,1,0,0,0,0,0,1,3.0,3.0,14.0%
2020,4,29,Robbie Gould(FA),0,0,0,0,0,0,0,0,0,2,2,1,2.0,2.0,1.1%
2020,4,30,Greg Zuerlein(FA),0,0,0,0,0,0,0,0,0,2,2,1,2.0,2.0,1.7%
2020,4,31,Ty Long(FA),0,0,0,0,0,0,0,0,0,0,0,1,0.0,0.0,1.1%
2020,5,1,Jason Sanders(MIA),5,5,100.0,50,0,2,1,1,1,4,4,1,22.0,22.0,43.2%
2020,5,2,Graham Gano(NYG),4,4,100.0,55,0,1,0,0,3,2,2,1,20.0,20.0,2.3%
2020,5,3,Wil Lutz(DEN),3,3,100.0,53,0,0,1,1,1,3,3,1,15.0,15.0,32.9%
2020,5,4,Greg Zuerlein(FA),3,3,100.0,40,0,1,1,1,0,4,4,1,14.0,14.0,1.7%
2020,5,5,Ryan Succop(FA),4,4,100.0,46,0,1,2,1,0,1,1,1,14.0,14.0,1.5%
2020,5,6,Ka'imi Fairbairn(HOU),3,3,100.0,46,0,0,2,1,0,3,3,1,13.0,13.0,66.4%
2020,5,7,Younghoe Koo(ATL),3,3,100.0,54,0,0,1,1,1,1,1,1,13.0,13.0,22.0%
2020,5,8,Cody Parkey(FA),3,3,100.0,46,0,1,1,1,0,3,3,1,13.0,13.0,1.4%
2020,5,9,Joey Slye(TEN),3,3,100.0,39,0,1,2,0,0,2,2,1,11.0,11.0,2.0%
2020,5,10,Daniel Carlson(LV),2,2,100.0,43,0,0,1,1,0,4,5,1,11.0,11.0,15.2%
2020,5,11,Dan Bailey(FA),2,2,100.0,52,0,0,0,1,1,2,2,1,11.0,11.0,1.1%
2020,5,12,Rodrigo Blankenship(FA),3,3,100.0,37,0,1,2,0,0,2,2,1,11.0,11.0,0.2%
2020,5,13,Justin Tucker(FA),2,3,66.7,46,0,0,1,1,0,3,3,1,10.0,10.0,10.4%
2020,5,14,Cairo Santos(CHI),2,2,100.0,47,0,0,1,1,0,2,2,1,9.0,9.0,14.0%
2020,5,15,Chris Boswell(PIT),1,1,100.0,41,0,0,0,1,0,5,5,1,9.0,9.0,72.6%
2020,5,16,Zane Gonzalez(FA),1,1,100.0,47,0,0,0,1,0,3,3,1,7.0,7.0,6.3%
2020,5,17,Harrison Butker(KC),1,1,100.0,32,0,0,1,0,0,3,3,1,6.0,6.0,68.5%
2020,5,18,Stephen Gostkowski(FA),0,0,0,0,0,0,0,0,0,6,6,1,6.0,6.0,0.8%
2020,5,19,Sam Sloman(FA),1,1,100.0,28,0,1,0,0,0,3,4,1,6.0,6.0,1.2%
2020,5,20,Tyler Bass(BUF),1,1,100.0,43,0,0,0,1,0,1,1,1,5.0,5.0,61.2%
2020,5,21,Robbie Gould(FA),1,1,100.0,37,0,0,1,0,0,2,2,1,5.0,5.0,1.1%
2020,5,22,Dustin Hopkins(CLE),1,1,100.0,48,0,0,0,1,0,1,1,1,5.0,5.0,2.0%
2020,5,23,Sam Ficken(FA),1,1,100.0,26,0,1,0,0,0,1,1,1,4.0,4.0,0.0%
2020,5,24,Jason Myers(SEA),0,0,0,0,0,0,0,0,0,3,3,1,3.0,3.0,7.2%
2020,5,25,Randy Bullock(FA),1,1,100.0,38,0,0,1,0,0,0,0,1,3.0,3.0,1.2%
2020,5,26,Jake Elliott(PHI),0,1,0.0,0,0,0,0,0,0,3,3,1,3.0,3.0,60.7%
2020,5,27,Michael Badgley(FA),0,1,0.0,0,0,0,0,0,0,3,4,1,3.0,3.0,3.4%
2020,5,28,Stephen Hauschka(FA),0,2,0.0,0,0,0,0,0,0,2,2,1,2.0,2.0,1.4%
2020,5,29,Ty Long(FA),0,0,0,0,0,0,0,0,0,0,0,1,0.0,0.0,1.1%
2020,6,1,Brandon McManus(GB),6,6,100.0,54,0,2,0,2,2,0,0,1,24.0,24.0,7.3%
2020,6,2,Younghoe Koo(ATL),4,4,100.0,50,0,1,0,2,1,4,4,1,20.0,20.0,22.0%
2020,6,3,Justin Tucker(FA),3,3,100.0,55,0,0,0,2,1,3,3,1,16.0,16.0,10.4%
2020,6,4,Cairo Santos(CHI),3,3,100.0,55,0,0,2,0,1,2,2,1,13.0,13.0,14.0%
2020,6,5,Randy Bullock(FA),2,3,66.7,55,0,0,0,1,1,3,3,1,12.0,12.0,1.2%
2020,6,6,Matt Prater(FA),2,3,66.7,41,0,0,1,1,0,4,4,1,11.0,11.0,0.9%
2020,6,7,Joey Slye(TEN),3,4,75.0,48,0,2,0,1,0,1,1,1,11.0,11.0,2.0%
2020,6,8,Ryan Succop(FA),1,1,100.0,50,0,0,0,0,1,5,5,1,10.0,10.0,1.5%
2020,6,9,Graham Gano(NYG),2,2,100.0,33,0,1,1,0,0,2,2,1,8.0,8.0,2.3%
2020,6,10,Harrison Butker(KC),2,2,100.0,37,0,0,2,0,0,2,3,1,8.0,8.0,68.5%
2020,6,11,Chris Boswell(PIT),1,1,100.0,35,0,0,1,0,0,5,5,1,8.0,8.0,72.6%
2020,6,12,Rodrigo Blankenship(FA),1,1,100.0,40,0,0,0,1,0,4,4,1,8.0,8.0,0.2%
2020,6,13,Zane Gonzalez(FA),1,1,100.0,26,0,1,0,0,0,5,5,1,8.0,8.0,6.3%
2020,6,14,Dustin Hopkins(CLE),2,3,66.7,35,0,1,1,0,0,1,1,1,7.0,7.0,2.0%
2020,6,15,Robbie Gould(FA),1,1,100.0,49,0,0,0,1,0,3,3,1,7.0,7.0,1.1%
2020,6,16,Nick Folk(FA),2,2,100.0,41,0,0,1,1,0,0,0,1,7.0,7.0,0.9%
2020,6,17,Tyler Bass(BUF),1,2,50.0,48,0,0,0,1,0,2,2,1,6.0,6.0,61.2%
2020,6,18,Ka'imi Fairbairn(HOU),1,1,100.0,38,0,0,1,0,0,3,4,1,6.0,6.0,66.4%
2020,6,19,Jason Sanders(MIA),1,1,100.0,24,0,1,0,0,0,3,3,1,6.0,6.0,43.2%
2020,6,20,Sam Sloman(FA),1,1,100.0,42,0,0,0,1,0,1,2,1,5.0,5.0,1.2%
2020,6,21,Mason Crosby(FA),1,1,100.0,39,0,0,1,0,0,1,1,1,4.0,4.0,0.1%
2020,6,22,Greg Zuerlein(FA),1,2,50.0,34,0,0,1,0,0,1,1,1,4.0,4.0,1.7%
2020,6,23,Stephen Gostkowski(FA),0,2,0.0,0,0,0,0,0,0,4,4,1,4.0,4.0,0.8%
2020,6,24,Jonathan Brown(FA),1,2,50.0,31,0,0,1,0,0,1,1,1,4.0,4.0,0.0%
2020,6,25,Dan Bailey(FA),0,0,0,0,0,0,0,0,0,1,1,1,1.0,1.0,1.1%
2020,6,26,Cody Parkey(FA),0,0,0,0,0,0,0,0,0,1,1,1,1.0,1.0,1.4%
2020,6,27,Jake Elliott(PHI),0,1,0.0,0,0,0,0,0,0,0,0,1,0.0,0.0,60.7%
2020,6,28,Sam Ficken(FA),0,1,0.0,0,0,0,0,0,0,0,0,1,0.0,0.0,0.0%
2020,7,1,Tyler Bass(BUF),6,8,75.0,53,0,1,1,3,1,0,0,1,23.0,23.0,61.2%
2020,7,2,Zane Gonzalez(FA),3,4,75.0,49,0,0,0,3,0,4,4,1,16.0,16.0,6.3%
2020,7,3,Matt Prater(FA),3,4,75.0,51,0,0,0,1,2,2,2,1,16.0,16.0,0.9%
2020,7,4,Harrison Butker(KC),3,3,100.0,40,0,1,1,1,0,4,5,1,14.0,14.0,68.5%
2020,7,5,Jason Myers(SEA),2,2,100.0,44,0,0,0,2,0,4,4,1,12.0,12.0,7.2%
2020,7,6,Wil Lutz(DEN),2,2,100.0,43,0,0,0,2,0,3,3,1,11.0,11.0,32.9%
2020,7,7,Robbie Gould(FA),2,2,100.0,41,0,0,1,1,0,3,4,1,10.0,10.0,1.1%
2020,7,8,Randy Bullock(FA),2,2,100.0,37,0,1,1,0,0,4,4,1,10.0,10.0,1.2%
2020,7,9,Daniel Carlson(LV),2,2,100.0,42,0,0,1,1,0,2,2,1,9.0,9.0,15.2%
2020,7,10,Michael Badgley(FA),2,3,66.7,35,0,0,2,0,0,3,4,1,9.0,9.0,3.4%
2020,7,11,Chris Boswell(PIT),2,2,100.0,38,0,0,2,0,0,3,3,1,9.0,9.0,72.6%
2020,7,12,Ryan Succop(FA),1,1,100.0,29,0,1,0,0,0,6,6,1,9.0,9.0,1.5%
2020,7,13,Ka'imi Fairbairn(HOU),2,3,66.7,38,0,1,1,0,0,2,2,1,8.0,8.0,66.4%
2020,7,14,Nick Folk(FA),2,2,100.0,41,0,0,0,2,0,0,0,1,8.0,8.0,0.9%
2020,7,15,Stephen Gostkowski(FA),1,2,50.0,51,0,0,0,0,1,3,3,1,8.0,8.0,0.8%
2020,7,16,Cody Parkey(FA),1,1,100.0,43,0,0,0,1,0,4,5,1,8.0,8.0,1.4%
2020,7,17,Joey Slye(TEN),1,2,50.0,43,0,0,0,1,0,3,3,1,7.0,7.0,2.0%
2020,7,18,Sam Sloman(FA),1,2,50.0,22,0,1,0,0,0,3,3,1,6.0,6.0,1.2%
2020,7,19,Cairo Santos(CHI),1,1,100.0,42,0,0,0,1,0,1,1,1,5.0,5.0,14.0%
2020,7,20,Dustin Hopkins(CLE),1,2,50.0,30,0,0,1,0,0,2,2,1,5.0,5.0,2.0%
2020,7,21,Mason Crosby(FA),0,0,0,0,0,0,0,0,0,5,5,1,5.0,5.0,0.1%
2020,7,22,Brandon McManus(GB),1,1,100.0,43,0,0,0,1,0,1,2,1,5.0,5.0,7.3%
2020,7,23,Greg Zuerlein(FA),1,1,100.0,45,0,0,0,1,0,0,0,1,4.0,4.0,1.7%
2020,7,24,Jake Elliott(PHI),1,2,50.0,31,0,0,1,0,0,1,1,1,4.0,4.0,60.7%
2020,7,25,Sergio Castillo(FA),1,1,100.0,29,0,1,0,0,0,1,1,1,4.0,4.0,0.0%
2020,7,26,Graham Gano(NYG),0,0,0,0,0,0,0,0,0,3,3,1,3.0,3.0,2.3%
2020,7,27,Younghoe Koo(ATL),0,0,0,0,0,0,0,0,0,2,2,1,2.0,2.0,22.0%
2020,7,28,Josh Lambo(FA),0,0,0,0,0,0,0,0,0,1,1,1,1.0,1.0,0.6%
2020,7,29,Ty Long(FA),0,0,0,0,0,0,0,0,0,0,0,1,0.0,0.0,1.1%
2020,8,1,Ryan Succop(FA),4,4,100.0,43,0,0,2,2,0,1,1,1,15.0,15.0,1.5%
2020,8,2,Michael Badgley(FA),3,3,100.0,52,0,0,1,1,1,3,3,1,15.0,15.0,3.4%
2020,8,3,Cairo Santos(CHI),3,3,100.0,51,0,1,0,1,1,2,2,1,14.0,14.0,14.0%
2020,8,4,Wil Lutz(DEN),4,5,80.0,39,0,1,3,0,0,2,2,1,14.0,14.0,32.9%
2020,8,5,Younghoe Koo(ATL),4,4,100.0,37,0,2,2,0,0,1,2,1,13.0,13.0,22.0%
2020,8,6,Greg Zuerlein(FA),3,4,75.0,59,0,0,0,2,1,0,0,1,13.0,13.0,1.7%
2020,8,7,Sergio Castillo(FA),3,4,75.0,55,0,0,1,1,1,0,0,1,12.0,12.0,0.0%
2020,8,8,Daniel Carlson(LV),3,4,75.0,33,0,2,1,0,0,1,1,1,10.0,10.0,15.2%
2020,8,9,Jason Myers(SEA),1,1,100.0,48,0,0,0,1,0,4,5,1,8.0,8.0,7.2%
2020,8,10,Justin Tucker(FA),1,1,100.0,51,0,0,0,0,1,3,3,1,8.0,8.0,10.4%
2020,8,11,Nick Folk(FA),2,2,100.0,43,0,0,1,1,0,1,1,1,8.0,8.0,0.9%
2020,8,12,Randy Bullock(FA),1,1,100.0,33,0,0,1,0,0,4,4,1,7.0,7.0,1.2%
2020,8,13,Brandon McManus(GB),1,1,100.0,35,0,0,1,0,0,4,4,1,7.0,7.0,7.3%
2020,8,14,Cody Parkey(FA),2,3,66.7,41,0,0,1,1,0,0,0,1,7.0,7.0,1.4%
2020,8,15,Tyler Bass(BUF),1,1,100.0,28,0,1,0,0,0,3,3,1,6.0,6.0,61.2%
2020,8,16,Graham Gano(NYG),1,1,100.0,33,0,0,1,0,0,2,2,1,5.0,5.0,2.3%
2020,8,17,Joey Slye(TEN),1,1,100.0,39,0,0,1,0,0,2,2,1,5.0,5.0,2.0%
2020,8,18,Harrison Butker(KC),0,0,0,0,0,0,0,0,0,5,5,1,5.0,5.0,68.5%
2020,8,19,Kai Forbath(LAR),1,2,50.0,23,0,1,0,0,0,2,2,1,5.0,5.0,2.0%
2020,8,20,Dan Bailey(FA),0,0,0,0,0,0,0,0,0,4,4,1,4.0,4.0,1.1%
2020,8,21,Jason Sanders(MIA),0,0,0,0,0,0,0,0,0,4,4,1,4.0,4.0,43.2%
2020,8,22,Chris Boswell(PIT),0,0,0,0,0,0,0,0,0,4,4,1,4.0,4.0,72.6%
2020,8,23,Matt Prater(FA),0,1,0.0,0,0,0,0,0,0,3,3,1,3.0,3.0,0.9%
2020,8,24,Rodrigo Blankenship(FA),0,0,0,0,0,0,0,0,0,3,5,1,3.0,3.0,0.2%
2020,8,25,Robbie Gould(FA),0,0,0,0,0,0,0,0,0,3,3,1,3.0,3.0,1.1%
2020,8,26,Stephen Gostkowski(FA),0,1,0.0,0,0,0,0,0,0,2,2,1,2.0,2.0,0.8%
2020,8,27,Mason Crosby(FA),0,0,0,0,0,0,0,0,0,2,2,1,2.0,2.0,0.1%
2020,8,28,Jake Elliott(PHI),0,0,0,0,0,0,0,0,0,1,1,1,1.0,1.0,60.7%
2020,8,29,Ty Long(FA),0,0,0,0,0,0,0,0,0,0,0,1,0.0,0.0,1.1%
2020,9,1,Nick Folk(FA),3,3,100.0,51,0,1,0,1,1,3,3,1,15.0,15.0,0.9%
2020,9,2,Greg Zuerlein(FA),4,4,100.0,45,0,0,2,2,0,1,1,1,15.0,15.0,1.7%
2020,9,3,Tyler Bass(BUF),3,4,75.0,44,0,1,1,1,0,5,5,1,15.0,15.0,61.2%
2020,9,4,Jason Sanders(MIA),2,2,100.0,56,0,0,0,0,2,4,4,1,14.0,14.0,43.2%
2020,9,5,Graham Gano(NYG),3,3,100.0,48,0,0,1,2,0,2,2,1,13.0,13.0,2.3%
2020,9,6,Jason Myers(SEA),2,2,100.0,45,0,0,0,2,0,4,4,1,12.0,12.0,7.2%
2020,9,7,Younghoe Koo(ATL),2,2,100.0,52,0,0,1,0,1,4,4,1,12.0,12.0,22.0%
2020,9,8,Mason Crosby(FA),2,2,100.0,53,1,0,0,0,1,4,4,1,12.0,12.0,0.1%
2020,9,9,Sergio Castillo(FA),2,2,100.0,50,0,0,1,0,1,3,3,1,11.0,11.0,0.0%
2020,9,10,Ka'imi Fairbairn(HOU),2,2,100.0,54,0,0,1,0,1,3,3,1,11.0,11.0,66.4%
2020,9,11,Brandon McManus(GB),2,2,100.0,43,0,0,0,2,0,3,3,1,11.0,11.0,7.3%
2020,9,12,Harrison Butker(KC),2,3,66.7,55,0,0,1,0,1,3,4,1,11.0,11.0,68.5%
2020,9,13,Dustin Hopkins(CLE),2,2,100.0,48,0,0,0,2,0,2,2,1,10.0,10.0,2.0%
2020,9,14,Michael Badgley(FA),2,3,66.7,45,0,1,0,1,0,2,2,1,9.0,9.0,3.4%
2020,9,15,Chris Boswell(PIT),2,2,100.0,59,0,0,0,1,1,0,2,1,9.0,9.0,72.6%
2020,9,16,Josh Lambo(FA),2,2,100.0,59,0,0,1,0,1,1,2,1,9.0,9.0,0.6%
2020,9,17,Matt Prater(FA),2,3,66.7,45,0,1,0,1,0,2,2,1,9.0,9.0,0.9%
2020,9,18,Wil Lutz(DEN),1,1,100.0,36,0,0,1,0,0,5,5,1,8.0,8.0,32.9%
2020,9,19,Joey Slye(TEN),1,3,33.3,47,0,0,0,1,0,4,4,1,8.0,8.0,2.0%
2020,9,20,Justin Tucker(FA),1,1,100.0,48,0,0,0,1,0,3,3,1,7.0,7.0,10.4%
2020,9,21,Stephen Gostkowski(FA),1,1,100.0,40,0,0,0,1,0,3,3,1,7.0,7.0,0.8%
2020,9,22,Daniel Carlson(LV),1,1,100.0,31,0,0,1,0,0,4,4,1,7.0,7.0,15.2%
2020,9,23,Zane Gonzalez(FA),1,2,50.0,37,0,0,1,0,0,4,4,1,7.0,7.0,6.3%
2020,9,24,Rodrigo Blankenship(FA),1,1,100.0,43,0,0,0,1,0,1,1,1,5.0,5.0,0.2%
2020,9,25,Cairo Santos(CHI),1,1,100.0,22,0,1,0,0,0,2,2,1,5.0,5.0,14.0%
2020,9,26,Robbie Gould(FA),1,1,100.0,22,0,1,0,0,0,2,2,1,5.0,5.0,1.1%
2020,9,27,Dan Bailey(FA),0,0,0,0,0,0,0,0,0,4,5,1,4.0,4.0,1.1%
2020,9,28,Ryan Succop(FA),1,1,100.0,48,0,0,0,1,0,0,0,1,4.0,4.0,1.5%
2020,9,29,Ty Long(FA),0,0,0,0,0,0,0,0,0,0,0,1,0.0,0.0,1.1%
2020,10,1,Tyler Bass(BUF),3,3,100.0,58,0,0,0,0,3,3,3,1,18.0,18.0,61.2%
2020,10,2,Ryan Succop(FA),4,4,100.0,40,0,3,0,1,0,4,5,1,17.0,17.0,1.5%
2020,10,3,Matt Prater(FA),3,3,100.0,59,0,0,1,0,2,3,3,1,16.0,16.0,0.9%
2020,10,4,Zane Gonzalez(FA),4,4,100.0,45,0,2,0,2,0,2,2,1,16.0,16.0,6.3%
2020,10,5,Daniel Carlson(LV),3,3,100.0,52,0,2,0,0,1,4,4,1,15.0,15.0,15.2%
2020,10,6,Chris Boswell(PIT),3,3,100.0,45,0,0,1,2,0,3,3,1,14.0,14.0,72.6%
2020,10,7,Jason Sanders(MIA),3,4,75.0,50,0,0,1,1,1,2,2,1,14.0,14.0,43.2%
2020,10,8,Jason Myers(SEA),3,3,100.0,61,0,0,2,0,1,1,1,1,12.0,12.0,7.2%
2020,10,9,Rodrigo Blankenship(FA),2,2,100.0,43,0,1,0,1,0,4,4,1,11.0,11.0,0.2%
2020,10,10,Wil Lutz(DEN),2,2,100.0,49,0,1,0,1,0,3,3,1,10.0,10.0,32.9%
2020,10,11,Graham Gano(NYG),2,2,100.0,44,0,0,1,1,0,3,3,1,10.0,10.0,2.3%
2020,10,12,Dustin Hopkins(CLE),2,3,66.7,41,0,0,1,1,0,3,3,1,10.0,10.0,2.0%
2020,10,13,Chase McLaughlin(TB),2,2,100.0,52,0,0,1,0,1,2,2,1,10.0,10.0,71.0%
2020,10,14,Dan Bailey(FA),2,2,100.0,43,0,0,1,1,0,1,1,1,8.0,8.0,1.1%
2020,10,15,Robbie Gould(FA),2,2,100.0,40,0,0,1,1,0,1,1,1,8.0,8.0,1.1%
2020,10,16,Brandon McManus(GB),2,2,100.0,50,0,0,1,0,1,0,0,1,8.0,8.0,7.3%
2020,10,17,Cairo Santos(CHI),2,2,100.0,42,0,1,0,1,0,1,1,1,8.0,8.0,14.0%
2020,10,18,Stephen Gostkowski(FA),1,2,50.0,50,0,0,0,0,1,2,2,1,7.0,7.0,0.8%
2020,10,19,Joey Slye(TEN),1,1,100.0,46,0,0,0,1,0,2,2,1,6.0,6.0,2.0%
2020,10,20,Mason Crosby(FA),1,1,100.0,39,0,0,1,0,0,3,3,1,6.0,6.0,0.1%
2020,10,21,Nick Folk(FA),1,1,100.0,20,0,1,0,0,0,2,3,1,5.0,5.0,0.9%
2020,10,22,Justin Tucker(FA),1,1,100.0,24,0,1,0,0,0,2,2,1,5.0,5.0,10.4%
2020,10,23,Cody Parkey(FA),1,1,100.0,41,0,0,0,1,0,1,1,1,5.0,5.0,1.4%
2020,10,24,Kai Forbath(LAR),1,1,100.0,23,0,1,0,0,0,2,3,1,5.0,5.0,2.0%
2020,10,25,Randy Bullock(FA),1,1,100.0,37,0,0,1,0,0,1,1,1,4.0,4.0,1.2%
2020,10,26,Jake Elliott(PHI),1,1,100.0,40,0,0,0,1,0,0,0,1,4.0,4.0,60.7%
2020,10,27,Michael Badgley(FA),0,0,0,0,0,0,0,0,0,3,3,1,3.0,3.0,3.4%
2020,10,28,Ka'imi Fairbairn(HOU),0,1,0.0,0,0,0,0,0,0,1,1,1,1.0,1.0,66.4%
2020,10,29,Ty Long(FA),0,0,0,0,0,0,0,0,0,0,0,1,0.0,0.0,1.1%
2020,11,1,Rodrigo Blankenship(FA),4,5,80.0,43,0,0,3,1,0,2,2,1,15.0,15.0,0.2%
2020,11,2,Younghoe Koo(ATL),3,3,100.0,52,0,1,0,0,2,0,0,1,13.0,13.0,22.0%
2020,11,3,Stephen Gostkowski(FA),3,3,100.0,40,0,1,0,2,0,1,1,1,12.0,12.0,0.8%
2020,11,4,Michael Badgley(FA),2,2,100.0,44,0,1,0,1,0,4,4,1,11.0,11.0,3.4%
2020,11,5,Chris Boswell(PIT),2,3,66.7,47,0,0,0,2,0,3,3,1,11.0,11.0,72.6%
2020,11,6,Matt Gay(WAS),2,3,66.7,40,0,0,1,1,0,3,3,1,10.0,10.0,16.1%
2020,11,7,Jason Sanders(MIA),2,2,100.0,53,0,0,0,1,1,1,1,1,10.0,10.0,43.2%
2020,11,8,Justin Tucker(FA),3,3,100.0,30,0,2,1,0,0,1,1,1,10.0,10.0,10.4%
2020,11,9,Dustin Hopkins(CLE),2,3,66.7,50,0,0,1,0,1,2,2,1,10.0,10.0,2.0%
2020,11,10,Ka'imi Fairbairn(HOU),2,2,100.0,46,0,0,1,1,0,3,3,1,10.0,10.0,66.4%
2020,11,11,Joey Slye(TEN),2,2,100.0,56,0,0,1,0,1,2,2,1,10.0,10.0,2.0%
2020,11,12,Jason Myers(SEA),2,2,100.0,41,0,1,0,1,0,2,3,1,9.0,9.0,7.2%
2020,11,13,Brandon McManus(GB),2,2,100.0,47,0,1,0,1,0,2,2,1,9.0,9.0,7.3%
2020,11,14,Nick Folk(FA),2,2,100.0,45,0,0,1,1,0,2,2,1,9.0,9.0,0.9%
2020,11,15,Cody Parkey(FA),2,3,66.7,46,0,1,0,1,0,2,2,1,9.0,9.0,1.4%
2020,11,16,Mason Crosby(FA),1,1,100.0,26,0,1,0,0,0,4,4,1,7.0,7.0,0.1%
2020,11,17,Daniel Carlson(LV),1,1,100.0,35,0,0,1,0,0,4,4,1,7.0,7.0,15.2%
2020,11,18,Wil Lutz(DEN),1,2,50.0,22,0,1,0,0,0,3,3,1,6.0,6.0,32.9%
2020,11,19,Ryan Succop(FA),1,1,100.0,38,0,0,1,0,0,3,3,1,6.0,6.0,1.5%
2020,11,20,Jake Elliott(PHI),1,1,100.0,43,0,0,0,1,0,2,2,1,6.0,6.0,60.7%
2020,11,21,Greg Zuerlein(FA),1,1,100.0,19,1,0,0,0,0,2,3,1,5.0,5.0,1.7%
2020,11,22,Randy Bullock(FA),1,3,33.3,53,0,0,0,0,1,0,1,1,5.0,5.0,1.2%
2020,11,23,Harrison Butker(KC),0,0,0,0,0,0,0,0,0,5,5,1,5.0,5.0,68.5%
2020,11,24,Dan Bailey(FA),0,0,0,0,0,0,0,0,0,4,4,1,4.0,4.0,1.1%
2020,11,25,Chase McLaughlin(TB),1,1,100.0,41,0,0,0,1,0,0,0,1,4.0,4.0,71.0%
2020,11,26,Zane Gonzalez(FA),0,0,0,0,0,0,0,0,0,3,3,1,3.0,3.0,6.3%
2020,11,27,Sam Ficken(FA),0,0,0,0,0,0,0,0,0,2,4,1,2.0,2.0,0.0%
2020,11,28,Matt Prater(FA),0,1,0.0,0,0,0,0,0,0,0,0,1,0.0,0.0,0.9%
2020,11,29,Ty Long(FA),0,0,0,0,0,0,0,0,0,0,0,1,-2.8,-2.8,1.1%
2020,12,1,Younghoe Koo(ATL),5,5,100.0,54,0,1,3,0,1,4,4,1,21.0,21.0,22.0%
2020,12,2,Graham Gano(NYG),4,4,100.0,49,0,0,2,2,0,1,1,1,15.0,15.0,2.3%
2020,12,3,Robbie Gould(FA),3,4,75.0,46,0,0,0,3,0,2,2,1,14.0,14.0,1.1%
2020,12,4,Jason Myers(SEA),3,3,100.0,44,0,0,2,1,0,2,2,1,12.0,12.0,7.2%
2020,12,5,Jason Sanders(MIA),2,2,100.0,54,0,0,0,0,2,2,2,1,12.0,12.0,43.2%
2020,12,6,Dustin Hopkins(CLE),2,2,100.0,36,0,1,1,0,0,5,5,1,11.0,11.0,2.0%
2020,12,7,Tyler Bass(BUF),2,2,100.0,45,0,0,0,2,0,3,3,1,11.0,11.0,61.2%
2020,12,8,Nick Folk(FA),2,2,100.0,50,0,1,0,0,1,2,2,1,10.0,10.0,0.9%
2020,12,9,Dan Bailey(FA),2,2,100.0,53,0,1,0,0,1,2,2,1,10.0,10.0,1.1%
2020,12,10,Cody Parkey(FA),2,2,100.0,45,0,1,0,1,0,3,3,1,10.0,10.0,1.4%
2020,12,11,Joey Slye(TEN),2,4,50.0,40,0,1,0,1,0,3,3,1,10.0,10.0,2.0%
2020,12,12,Greg Zuerlein(FA),3,3,100.0,33,0,1,2,0,0,1,1,1,10.0,10.0,1.7%
2020,12,13,Matt Gay(WAS),2,2,100.0,48,0,0,0,2,0,2,2,1,10.0,10.0,16.1%
2020,12,14,Ka'imi Fairbairn(HOU),2,2,100.0,42,0,1,0,1,0,3,4,1,10.0,10.0,66.4%
2020,12,15,Stephen Gostkowski(FA),1,1,100.0,49,0,0,0,1,0,6,6,1,10.0,10.0,0.8%
2020,12,16,Harrison Butker(KC),2,2,100.0,29,1,1,0,0,0,3,3,1,9.0,9.0,68.5%
2020,12,17,Aldrick Rosas(FA),2,3,66.7,54,0,1,0,0,1,1,1,1,9.0,9.0,0.0%
2020,12,18,Wil Lutz(DEN),1,1,100.0,40,0,0,0,1,0,4,4,1,8.0,8.0,32.9%
2020,12,19,Chris Boswell(PIT),2,2,100.0,27,0,2,0,0,0,1,2,1,7.0,7.0,72.6%
2020,12,20,Daniel Carlson(LV),2,2,100.0,29,0,2,0,0,0,0,0,1,6.0,6.0,15.2%
2020,12,21,Zane Gonzalez(FA),1,2,50.0,47,0,0,0,1,0,2,2,1,6.0,6.0,6.3%
2020,12,22,Randy Bullock(FA),1,1,100.0,44,0,0,0,1,0,2,2,1,6.0,6.0,1.2%
2020,12,23,Ryan Succop(FA),1,1,100.0,26,0,1,0,0,0,3,3,1,6.0,6.0,1.5%
2020,12,24,Matt Prater(FA),1,1,100.0,29,0,1,0,0,0,2,2,1,5.0,5.0,0.9%
2020,12,25,Brandon McManus(GB),1,1,100.0,58,0,0,0,0,1,0,0,1,5.0,5.0,7.3%
2020,12,26,Cairo Santos(CHI),1,1,100.0,27,0,1,0,0,0,2,2,1,5.0,5.0,14.0%
2020,12,27,Mason Crosby(FA),0,0,0,0,0,0,0,0,0,5,6,1,5.0,5.0,0.1%
2020,12,28,Jake Elliott(PHI),1,1,100.0,42,0,0,0,1,0,0,1,1,4.0,4.0,60.7%
2020,12,29,Michael Badgley(FA),1,1,100.0,27,0,1,0,0,0,0,1,1,3.0,3.0,3.4%
2020,12,30,Sergio Castillo(FA),1,2,50.0,38,0,0,1,0,0,0,0,1,3.0,3.0,0.0%
2020,12,31,Justin Tucker(FA),0,0,0,0,0,0,0,0,0,2,2,1,2.0,2.0,10.4%
2020,12,32,Rodrigo Blankenship(FA),0,0,0,0,0,0,0,0,0,2,2,1,2.0,2.0,0.2%
2020,12,33,Ty Long(FA),0,0,0,0,0,0,0,0,0,0,0,1,0.0,0.0,1.1%
2020,13,1,Harrison Butker(KC),5,5,100.0,48,0,2,2,1,0,1,1,1,17.0,17.0,68.5%
2020,13,2,Dustin Hopkins(CLE),3,3,100.0,49,0,0,0,3,0,2,2,1,14.0,14.0,2.0%
2020,13,3,Jason Sanders(MIA),4,4,100.0,48,1,2,0,1,0,1,1,1,14.0,14.0,43.2%
2020,13,4,Younghoe Koo(ATL),3,3,100.0,53,0,1,1,0,1,1,1,1,12.0,12.0,22.0%
2020,13,5,Cody Parkey(FA),2,2,100.0,43,0,1,0,1,0,5,5,1,12.0,12.0,1.4%
2020,13,6,Tyler Bass(BUF),2,2,100.0,37,0,1,1,0,0,4,4,1,10.0,10.0,61.2%
2020,13,7,Ka'imi Fairbairn(HOU),2,3,66.7,52,0,0,1,0,1,2,2,1,10.0,10.0,66.4%
2020,13,8,Justin Tucker(FA),2,3,66.7,35,0,1,1,0,0,4,4,1,10.0,10.0,10.4%
2020,13,9,Nick Folk(FA),1,1,100.0,32,0,0,1,0,0,6,6,1,9.0,9.0,0.9%
2020,13,10,Daniel Carlson(LV),1,1,100.0,48,0,0,0,1,0,4,4,1,8.0,8.0,15.2%
2020,13,11,Dan Bailey(FA),2,3,66.7,48,0,1,0,1,0,1,3,1,8.0,8.0,1.1%
2020,13,12,Matt Gay(WAS),1,2,50.0,39,0,0,1,0,0,5,5,1,8.0,8.0,16.1%
2020,13,13,Mason Crosby(FA),1,1,100.0,40,0,0,0,1,0,3,4,1,7.0,7.0,0.1%
2020,13,14,Rodrigo Blankenship(FA),1,1,100.0,42,0,0,0,1,0,3,3,1,7.0,7.0,0.2%
2020,13,15,Cairo Santos(CHI),1,1,100.0,45,0,0,0,1,0,3,4,1,7.0,7.0,14.0%
2020,13,16,Robbie Gould(FA),1,1,100.0,45,0,0,0,1,0,3,3,1,7.0,7.0,1.1%
2020,13,17,Brandon McManus(GB),1,2,50.0,53,0,0,0,0,1,1,1,1,6.0,6.0,7.3%
2020,13,18,Jake Elliott(PHI),1,1,100.0,52,0,0,0,0,1,1,2,1,6.0,6.0,60.7%
2020,13,19,Greg Zuerlein(FA),1,4,25.0,31,0,0,1,0,0,2,2,1,5.0,5.0,1.7%
2020,13,20,Matthew Wright(CAR),1,1,100.0,37,0,0,1,0,0,2,2,1,5.0,5.0,2.0%
2020,13,21,Graham Gano(NYG),1,1,100.0,48,0,0,0,1,0,0,1,1,4.0,4.0,2.3%
2020,13,22,Matt Prater(FA),0,0,0,0,0,0,0,0,0,4,5,1,4.0,4.0,0.9%
2020,13,23,Zane Gonzalez(FA),0,1,0.0,0,0,0,0,0,0,4,4,1,4.0,4.0,6.3%
2020,13,24,Chase McLaughlin(TB),1,2,50.0,22,0,1,0,0,0,1,2,1,4.0,4.0,71.0%
2020,13,25,Jason Myers(SEA),1,1,100.0,31,0,0,1,0,0,1,1,1,4.0,4.0,7.2%
2020,13,26,Wil Lutz(DEN),0,1,0.0,0,0,0,0,0,0,3,3,1,3.0,3.0,32.9%
2020,13,27,Stephen Gostkowski(FA),0,0,0,0,0,0,0,0,0,3,3,1,3.0,3.0,0.8%
2020,13,28,Sergio Castillo(FA),0,0,0,0,0,0,0,0,0,2,3,1,2.0,2.0,0.0%
2020,13,29,Randy Bullock(FA),0,1,0.0,0,0,0,0,0,0,1,1,1,1.0,1.0,1.2%
2020,13,30,Michael Badgley(FA),0,2,0.0,0,0,0,0,0,0,0,0,1,0.0,0.0,3.4%
2020,13,31,Ty Long(FA),0,0,0,0,0,0,0,0,0,0,0,1,0.0,0.0,1.1%
2020,14,1,Mike Nugent(FA),4,4,100.0,37,0,0,4,0,0,2,2,1,14.0,14.0,1.0%
2020,14,2,Rodrigo Blankenship(FA),3,3,100.0,35,0,2,1,0,0,5,5,1,14.0,14.0,0.2%
2020,14,3,Greg Zuerlein(FA),3,3,100.0,55,0,1,1,0,1,3,3,1,14.0,14.0,1.7%
2020,14,4,Dustin Hopkins(CLE),3,4,75.0,51,0,1,1,0,1,2,2,1,13.0,13.0,2.0%
2020,14,5,Jason Myers(SEA),2,2,100.0,41,0,1,0,1,0,4,5,1,11.0,11.0,7.2%
2020,14,6,Jason Sanders(MIA),2,3,66.7,44,0,0,1,1,0,3,3,1,10.0,10.0,43.2%
2020,14,7,Cairo Santos(CHI),2,2,100.0,39,0,0,2,0,0,4,4,1,10.0,10.0,14.0%
2020,14,8,Daniel Carlson(LV),2,2,100.0,25,0,2,0,0,0,3,3,1,9.0,9.0,15.2%
2020,14,9,Stephen Gostkowski(FA),1,1,100.0,53,0,0,0,0,1,4,4,1,9.0,9.0,0.8%
2020,14,10,Michael Badgley(FA),2,2,100.0,43,0,0,1,1,0,2,2,1,9.0,9.0,3.4%
2020,14,11,Justin Tucker(FA),1,1,100.0,55,0,0,0,0,1,4,5,1,9.0,9.0,10.4%
2020,14,12,Ryan Succop(FA),2,2,100.0,48,1,0,0,1,0,2,3,1,9.0,9.0,1.5%
2020,14,13,Joey Slye(TEN),2,2,100.0,35,0,1,1,0,0,3,3,1,9.0,9.0,2.0%
2020,14,14,Mason Crosby(FA),1,1,100.0,57,0,0,0,0,1,4,4,1,9.0,9.0,0.1%
2020,14,15,Tyler Bass(BUF),2,2,100.0,34,0,1,1,0,0,2,3,1,8.0,8.0,61.2%
2020,14,16,Harrison Butker(KC),1,1,100.0,46,0,0,0,1,0,4,4,1,8.0,8.0,68.5%
2020,14,17,Jake Elliott(PHI),1,2,50.0,44,0,0,0,1,0,3,3,1,7.0,7.0,60.7%
2020,14,18,Matt Prater(FA),1,1,100.0,32,0,0,1,0,0,3,3,1,6.0,6.0,0.9%
2020,14,19,Aldrick Rosas(FA),1,2,50.0,53,0,0,0,0,1,1,1,1,6.0,6.0,0.0%
2020,14,20,Matt Gay(WAS),1,1,100.0,35,0,0,1,0,0,3,3,1,6.0,6.0,16.1%
2020,14,21,Younghoe Koo(ATL),1,1,100.0,45,0,0,0,1,0,2,2,1,6.0,6.0,22.0%
2020,14,22,Cody Parkey(FA),0,1,0.0,0,0,0,0,0,0,4,5,1,4.0,4.0,1.4%
2020,14,23,Sergio Castillo(FA),1,4,25.0,45,0,0,0,1,0,0,0,1,4.0,4.0,0.0%
2020,14,24,Nick Folk(FA),1,1,100.0,29,0,1,0,0,0,0,0,1,3.0,3.0,0.9%
2020,14,25,Wil Lutz(DEN),0,2,0.0,0,0,0,0,0,0,3,3,1,3.0,3.0,32.9%
2020,14,26,Brandon McManus(GB),0,0,0,0,0,0,0,0,0,2,4,1,2.0,2.0,7.3%
2020,14,27,Robbie Gould(FA),0,0,0,0,0,0,0,0,0,1,1,1,1.0,1.0,1.1%
2020,14,28,Austin Seibert(FA),0,0,0,0,0,0,0,0,0,1,1,1,1.0,1.0,0.7%
2020,14,29,Ka'imi Fairbairn(HOU),0,0,0,0,0,0,0,0,0,1,1,1,1.0,1.0,66.4%
2020,14,30,Chris Boswell(PIT),0,0,0,0,0,0,0,0,0,1,1,1,1.0,1.0,72.6%
2020,14,31,Graham Gano(NYG),0,0,0,0,0,0,0,0,0,1,1,1,1.0,1.0,2.3%
2020,14,32,Ty Long(FA),0,0,0,0,0,0,0,0,0,0,0,1,0.0,0.0,1.1%
2020,14,33,Dan Bailey(FA),0,3,0.0,0,0,0,0,0,0,0,1,1,0.0,0.0,1.1%
2020,15,1,Cairo Santos(CHI),4,4,100.0,48,0,0,1,3,0,3,3,1,18.0,18.0,14.0%
2020,15,2,Nick Folk(FA),4,4,100.0,45,0,0,1,3,0,0,0,1,15.0,15.0,0.9%
2020,15,3,Greg Zuerlein(FA),2,3,66.7,48,0,0,0,2,0,5,5,1,13.0,13.0,1.7%
2020,15,4,Tyler Bass(BUF),2,2,100.0,27,0,2,0,0,0,6,6,1,12.0,12.0,61.2%
2020,15,5,Younghoe Koo(ATL),2,2,100.0,52,0,0,1,0,1,3,3,1,11.0,11.0,22.0%
2020,15,6,Sam Ficken(FA),3,3,100.0,39,0,2,1,0,0,2,2,1,11.0,11.0,0.0%
2020,15,7,Rodrigo Blankenship(FA),2,2,100.0,53,0,0,1,0,1,3,3,1,11.0,11.0,0.2%
2020,15,8,Joey Slye(TEN),3,3,100.0,36,0,1,2,0,0,1,1,1,10.0,10.0,2.0%
2020,15,9,Jason Myers(SEA),2,2,100.0,43,0,0,0,2,0,2,2,1,10.0,10.0,7.2%
2020,15,10,Matt Gay(WAS),2,2,100.0,45,0,0,0,2,0,2,2,1,10.0,10.0,16.1%
2020,15,11,Robbie Gould(FA),2,2,100.0,41,0,0,1,1,0,3,3,1,10.0,10.0,1.1%
2020,15,12,Austin Seibert(FA),2,3,66.7,34,0,0,2,0,0,3,3,1,9.0,9.0,0.7%
2020,15,13,Dan Bailey(FA),2,2,100.0,24,0,2,0,0,0,3,3,1,9.0,9.0,1.1%
2020,15,14,Justin Tucker(FA),1,2,50.0,46,0,0,0,1,0,5,5,1,9.0,9.0,10.4%
2020,15,15,Daniel Carlson(LV),2,2,100.0,23,0,2,0,0,0,3,3,1,9.0,9.0,15.2%
2020,15,16,Ka'imi Fairbairn(HOU),2,2,100.0,31,0,1,1,0,0,2,2,1,8.0,8.0,66.4%
2020,15,17,Stephen Gostkowski(FA),1,1,100.0,38,0,0,1,0,0,5,5,1,8.0,8.0,0.8%
2020,15,18,Mike Nugent(FA),1,1,100.0,40,0,0,0,1,0,4,4,1,8.0,8.0,1.0%
2020,15,19,Mason Crosby(FA),1,1,100.0,51,0,0,0,0,1,3,3,1,8.0,8.0,0.1%
2020,15,20,Ryan Succop(FA),1,1,100.0,27,0,1,0,0,0,4,4,1,7.0,7.0,1.5%
2020,15,21,Matt Prater(FA),1,1,100.0,53,0,0,0,0,1,2,3,1,7.0,7.0,0.9%
2020,15,22,Michael Badgley(FA),1,3,33.3,22,0,1,0,0,0,3,3,1,6.0,6.0,3.4%
2020,15,23,Graham Gano(NYG),2,2,100.0,39,0,0,2,0,0,0,0,1,6.0,6.0,2.3%
2020,15,24,Harrison Butker(KC),1,1,100.0,22,0,1,0,0,0,3,3,1,6.0,6.0,68.5%
2020,15,25,Chris Boswell(PIT),1,1,100.0,25,0,1,0,0,0,2,2,1,5.0,5.0,72.6%
2020,15,26,Dustin Hopkins(CLE),1,1,100.0,48,0,0,0,1,0,0,1,1,4.0,4.0,2.0%
2020,15,27,Wil Lutz(DEN),0,0,0,0,0,0,0,0,0,3,3,1,3.0,3.0,32.9%
2020,15,28,Cody Parkey(FA),0,0,0,0,0,0,0,0,0,2,3,1,2.0,2.0,1.4%
2020,15,29,Jason Sanders(MIA),0,1,0.0,0,0,0,0,0,0,2,2,1,2.0,2.0,43.2%
2020,15,30,Aldrick Rosas(FA),0,0,0,0,0,0,0,0,0,2,2,1,2.0,2.0,0.0%
2020,15,31,Jake Elliott(PHI),0,0,0,0,0,0,0,0,0,2,2,1,2.0,2.0,60.7%
2020,15,32,Taylor Russolino(FA),0,1,0.0,0,0,0,0,0,0,1,3,1,1.0,1.0,1.1%
2020,15,33,Ty Long(FA),0,0,0,0,0,0,0,0,0,0,0,1,0.0,0.0,1.1%
2020,16,1,Jason Sanders(MIA),4,4,100.0,44,0,1,2,1,0,2,2,1,15.0,15.0,43.2%
2020,16,2,Michael Badgley(FA),4,4,100.0,43,0,1,2,1,0,1,1,1,14.0,14.0,3.4%
2020,16,3,Austin Seibert(FA),3,4,75.0,48,0,0,2,1,0,4,4,1,14.0,14.0,0.7%
2020,16,4,Brandon McManus(GB),3,4,75.0,52,0,0,1,0,2,1,1,1,14.0,14.0,7.3%
2020,16,5,Daniel Carlson(LV),4,4,100.0,38,0,3,1,0,0,1,2,1,13.0,13.0,15.2%
2020,16,6,Greg Zuerlein(FA),3,3,100.0,35,0,2,1,0,0,4,4,1,13.0,13.0,1.7%
2020,16,7,Cairo Santos(CHI),2,2,100.0,40,0,1,0,1,0,5,5,1,12.0,12.0,14.0%
2020,16,8,Matt Gay(WAS),3,3,100.0,51,0,0,1,1,1,0,0,1,12.0,12.0,16.1%
2020,16,9,Wil Lutz(DEN),1,1,100.0,30,0,0,1,0,0,7,7,1,10.0,10.0,32.9%
2020,16,10,Jason Myers(SEA),2,2,100.0,49,0,0,0,2,0,2,2,1,10.0,10.0,7.2%
2020,16,11,Justin Tucker(FA),2,2,100.0,28,0,2,0,0,0,3,3,1,9.0,9.0,10.4%
2020,16,12,Graham Gano(NYG),2,2,100.0,42,0,0,1,1,0,1,1,1,8.0,8.0,2.3%
2020,16,13,Tyler Bass(BUF),1,1,100.0,22,0,1,0,0,0,5,5,1,8.0,8.0,61.2%
2020,16,14,Dustin Hopkins(CLE),2,2,100.0,48,0,1,0,1,0,1,1,1,8.0,8.0,2.0%
2020,16,15,Ka'imi Fairbairn(HOU),1,1,100.0,21,0,1,0,0,0,4,4,1,7.0,7.0,66.4%
2020,16,16,Harrison Butker(KC),1,1,100.0,53,0,0,0,0,1,2,2,1,7.0,7.0,68.5%
2020,16,17,Mike Nugent(FA),2,2,100.0,43,0,1,0,1,0,0,0,1,7.0,7.0,1.0%
2020,16,18,Rodrigo Blankenship(FA),1,1,100.0,28,0,1,0,0,0,3,3,1,6.0,6.0,0.2%
2020,16,19,Sam Ficken(FA),1,2,50.0,34,0,0,1,0,0,2,3,1,5.0,5.0,0.0%
2020,16,20,Ryan Succop(FA),0,1,0.0,0,0,0,0,0,0,5,7,1,5.0,5.0,1.5%
2020,16,21,Aldrick Rosas(FA),1,1,100.0,26,0,1,0,0,0,2,2,1,5.0,5.0,0.0%
2020,16,22,Jake Elliott(PHI),1,1,100.0,38,0,0,1,0,0,2,2,1,5.0,5.0,60.7%
2020,16,23,Cody Parkey(FA),1,1,100.0,44,0,0,0,1,0,1,2,1,5.0,5.0,1.4%
2020,16,24,Nick Folk(FA),1,1,100.0,45,0,0,0,1,0,0,1,1,4.0,4.0,0.9%
2020,16,25,Mason Crosby(FA),0,0,0,0,0,0,0,0,0,4,5,1,4.0,4.0,0.1%
2020,16,26,Matthew Wright(CAR),0,0,0,0,0,0,0,0,0,4,4,1,4.0,4.0,2.0%
2020,16,27,Dan Bailey(FA),0,0,0,0,0,0,0,0,0,3,4,1,3.0,3.0,1.1%
2020,16,28,Younghoe Koo(ATL),0,1,0.0,0,0,0,0,0,0,2,2,1,2.0,2.0,22.0%
2020,16,29,Joey Slye(TEN),0,0,0,0,0,0,0,0,0,2,3,1,2.0,2.0,2.0%
2020,16,30,Stephen Gostkowski(FA),0,0,0,0,0,0,0,0,0,2,2,1,2.0,2.0,0.8%
2020,16,31,Robbie Gould(FA),0,2,0.0,0,0,0,0,0,0,2,3,1,2.0,2.0,1.1%
2020,16,32,Matt Prater(FA),0,0,0,0,0,0,0,0,0,1,1,1,1.0,1.0,0.9%
2020,16,33,Ty Long(FA),0,0,0,0,0,0,0,0,0,0,0,1,0.0,0.0,1.1%
2020,17,1,Ka'imi Fairbairn(HOU),4,4,100.0,51,0,2,0,1,1,2,3,1,17.0,17.0,66.4%
2020,17,2,Greg Zuerlein(FA),4,4,100.0,57,0,0,2,1,1,1,1,1,16.0,16.0,1.7%
2020,17,3,Ryan Succop(FA),3,3,100.0,38,0,2,1,0,0,5,5,1,14.0,14.0,1.5%
2020,17,4,Tristan Vizcaino(FA),3,3,100.0,47,0,0,2,1,0,2,2,1,12.0,12.0,0.0%
2020,17,5,Matthew Wright(CAR),3,3,100.0,46,0,1,0,2,0,1,1,1,12.0,12.0,2.0%
2020,17,6,Sam Sloman(FA),2,2,100.0,47,0,0,1,1,0,5,5,1,12.0,12.0,1.2%
2020,17,7,Brandon McManus(GB),3,6,50.0,37,0,2,1,0,0,2,2,1,11.0,11.0,7.3%
2020,17,8,Matt Gay(WAS),3,3,100.0,34,0,2,1,0,0,1,1,1,10.0,10.0,16.1%
2020,17,9,Dustin Hopkins(CLE),2,2,100.0,42,0,0,0,2,0,2,2,1,10.0,10.0,2.0%
2020,17,10,Wil Lutz(DEN),2,2,100.0,48,0,0,1,1,0,3,4,1,10.0,10.0,32.9%
2020,17,11,Cairo Santos(CHI),3,3,100.0,30,0,2,1,0,0,1,1,1,10.0,10.0,14.0%
2020,17,12,Younghoe Koo(ATL),2,2,100.0,22,0,2,0,0,0,3,3,1,9.0,9.0,22.0%
2020,17,13,Jason Sanders(MIA),2,2,100.0,49,0,0,1,1,0,2,2,1,9.0,9.0,43.2%
2020,17,14,Jason Myers(SEA),2,2,100.0,36,0,0,2,0,0,2,3,1,8.0,8.0,7.2%
2020,17,15,Rodrigo Blankenship(FA),2,4,50.0,24,0,2,0,0,0,2,2,1,8.0,8.0,0.2%
2020,17,16,Tyler Bass(BUF),0,0,0,0,0,0,0,0,0,8,8,1,8.0,8.0,61.2%
2020,17,17,Justin Tucker(FA),1,1,100.0,34,0,0,1,0,0,5,5,1,8.0,8.0,10.4%
2020,17,18,Graham Gano(NYG),1,1,100.0,50,0,0,0,0,1,2,3,1,7.0,7.0,2.3%
2020,17,19,Matt Prater(FA),1,1,100.0,54,0,0,0,0,1,2,3,1,7.0,7.0,0.9%
2020,17,20,Dan Bailey(FA),1,2,50.0,23,0,1,0,0,0,4,5,1,7.0,7.0,1.1%
2020,17,21,Cody Parkey(FA),1,1,100.0,23,0,1,0,0,0,3,3,1,6.0,6.0,1.4%
2020,17,22,Daniel Carlson(LV),1,1,100.0,33,0,0,1,0,0,3,3,1,6.0,6.0,15.2%
2020,17,23,Mason Crosby(FA),0,0,0,0,0,0,0,0,0,5,5,1,5.0,5.0,0.1%
2020,17,24,Nick Folk(FA),0,0,0,0,0,0,0,0,0,4,4,1,4.0,4.0,0.9%
2020,17,25,Michael Badgley(FA),0,0,0,0,0,0,0,0,0,4,4,1,4.0,4.0,3.4%
2020,17,26,Austin Seibert(FA),1,1,100.0,38,0,0,1,0,0,0,0,1,3.0,3.0,0.7%
2020,17,27,Harrison Butker(KC),0,0,0,0,0,0,0,0,0,3,3,1,3.0,3.0,68.5%
2020,17,28,Aldrick Rosas(FA),0,0,0,0,0,0,0,0,0,2,2,1,2.0,2.0,0.0%
2020,17,29,Chase McLaughlin(TB),0,0,0,0,0,0,0,0,0,2,2,1,2.0,2.0,71.0%
2020,17,30,Jake Elliott(PHI),0,0,0,0,0,0,0,0,0,2,2,1,2.0,2.0,60.7%
2020,17,31,Joey Slye(TEN),0,0,0,0,0,0,0,0,0,1,1,1,1.0,1.0,2.0%
2020,17,32,Mike Nugent(FA),0,1,0.0,0,0,0,0,0,0,1,1,1,1.0,1.0,1.0%
2020,17,33,Ty Long(FA),0,0,0,0,0,0,0,0,0,0,0,1,0.0,0.0,1.1%
