year,week,Rank,Player,Rec_REC,Rec_TGT,Rec_YDS,Rec_Y/R,LG,20+Rec_TD,Rush_ATT,Rush_YDS,Rush_TD,FL,G,FPTS,FPTS/G,ROST
2022,1,1,Travis Kelce(KC),8,9,121,15.1,35,2,1,0,0,0,0,1,18.1,18.1
2022,1,2,O.J. Howard(FA),2,2,38,19.0,22,1,2,0,0,0,0,1,15.8,15.8
2022,1,3,Taysom Hill(NO),1,1,2,2.0,2,0,0,4,81,1,0,1,14.3,14.3
2022,1,4,Gerald Everett(FA),3,4,54,18.0,25,1,1,0,0,0,0,1,11.4,11.4
2022,1,5,Will Dissly(LAC),3,3,43,14.3,38,1,1,0,0,0,0,1,10.3,10.3
2022,1,6,Colby Parkinson(LAR),2,2,43,21.5,25,1,1,0,0,0,0,1,10.3,10.3
2022,1,7,Zach Ertz(WAS),2,4,14,7.0,8,0,1,0,0,0,0,1,9.4,9.4
2022,1,8,Darren Waller(MIA),4,6,79,19.8,31,2,0,0,0,0,0,1,7.9,7.9
2022,1,9,Tyler Conklin(LAC),4,7,16,4.0,6,0,1,0,0,0,0,1,7.6,7.6
2022,1,10,Pat Freiermuth(PIT),5,10,75,15.0,31,2,0,0,0,0,0,1,7.5,7.5
2022,1,11,Dalton Schultz(HOU),7,9,62,8.9,14,0,0,0,0,0,0,1,6.2,6.2
2022,1,12,Chris Myarick(FA),1,1,1,1.0,1,0,1,0,0,0,0,1,6.1,6.1
2022,1,13,Jody Fortson Jr.(FA),1,1,1,1.0,1,0,1,0,0,0,0,1,6.1,6.1
2022,1,14,Dallas Goedert(PHI),3,4,60,20.0,27,2,0,0,0,0,0,1,6.0,6.0
2022,1,15,Ian Thomas(LV),2,3,53,26.5,50,1,0,0,0,0,0,1,5.3,5.3
2022,1,16,Andrew Beck(NYJ),2,3,52,26.0,27,2,0,0,0,0,0,1,5.2,5.2
2022,1,17,Mark Andrews(BAL),5,7,52,10.4,17,0,0,0,0,0,0,1,5.2,5.2
2022,1,18,Hayden Hurst(FA),5,8,46,9.2,20,1,0,0,0,0,0,1,4.6,4.6
2022,1,19,Logan Thomas(FA),3,6,45,15.0,27,1,0,0,0,0,0,1,4.5,4.5
2022,1,20,Juwan Johnson(NO),2,5,43,21.5,26,1,0,0,0,0,0,1,4.3,4.3
2022,1,21,Zach Gentry(FA),2,2,40,20.0,32,1,0,0,0,0,0,1,4.0,4.0
2022,1,22,Tyler Higbee(LAR),5,11,39,7.8,11,0,0,0,0,0,0,1,3.9,3.9
2022,1,23,T.J. Hockenson(MIN),4,7,38,9.5,16,0,0,0,0,0,0,1,3.8,3.8
2022,1,24,Robert Tonyan(KC),3,5,36,12.0,23,1,0,0,0,0,0,1,3.6,3.6
2022,1,25,Jonnu Smith(PIT),3,4,33,11.0,15,0,0,0,0,0,0,1,3.3,3.3
2022,1,26,Albert Okwuegbunam Jr.(IND),5,6,33,6.6,12,0,0,0,0,0,0,1,3.3,3.3
2022,1,27,Evan Engram(DEN),4,4,28,7.0,11,0,0,0,0,0,0,1,2.8,2.8
2022,1,28,Josiah Deguara(ARI),2,2,28,14.0,15,0,0,0,0,0,0,1,2.8,2.8
2022,1,29,Mo Alie-Cox(IND),2,2,26,13.0,13,0,0,0,0,0,0,1,2.6,2.6
2022,1,30,Tre' McKitty(FA),3,4,24,8.0,12,0,0,0,0,0,0,1,2.4,2.4
2022,1,31,Armani Rogers(FA),1,1,23,23.0,23,1,0,0,0,0,0,1,2.3,2.3
2022,1,32,Kylen Granson(PHI),3,7,22,7.3,12,0,0,0,0,0,0,1,2.2,2.2
2022,1,33,Hunter Henry(NE),2,3,20,10.0,11,0,0,0,0,0,0,1,2.0,2.0
2022,1,34,Kyle Pitts(ATL),2,7,19,9.5,11,0,0,0,0,0,0,1,1.9,1.9
2022,1,35,Geoff Swaim(FA),3,4,19,6.3,9,0,0,0,0,0,0,1,1.9,1.9
2022,1,36,Harrison Bryant(PHI),2,4,18,9.0,10,0,0,0,0,0,0,1,1.8,1.8
2022,1,37,Pharaoh Brown(MIA),1,1,17,17.0,17,0,0,0,0,0,0,1,1.7,1.7
2022,1,38,Johnny Mundt(JAC),3,3,17,5.7,12,0,0,0,0,0,0,1,1.7,1.7
2022,1,39,Noah Fant(SEA),3,4,16,5.3,13,0,0,0,0,0,0,1,1.6,1.6
2022,1,40,Durham Smythe(CHI),1,2,14,14.0,14,0,0,0,0,0,0,1,1.4,1.4
2022,1,41,Ross Dwelley(SF),1,2,11,11.0,11,0,0,0,0,0,0,1,1.1,1.1
2022,1,42,Noah Gray(KC),1,2,10,10.0,10,0,0,0,0,0,0,1,1.0,1.0
2022,1,43,Tyler Kroft(FA),1,2,9,9.0,9,0,0,0,0,0,0,1,0.9,0.9
2022,1,44,David Njoku(CLE),1,1,7,7.0,7,0,0,0,0,0,0,1,0.7,0.7
2022,1,45,Chig Okonkwo(TEN),1,1,11,11.0,11,0,0,1,-4,0,0,1,0.7,0.7
2022,1,46,Cameron Brate(FA),1,3,7,7.0,7,0,0,0,0,0,0,1,0.7,0.7
2022,1,47,Austin Hooper(NE),1,2,6,6.0,6,0,0,0,0,0,0,1,0.6,0.6
2022,1,48,Anthony Firkser(FA),1,2,6,6.0,6,0,0,0,0,0,0,1,0.6,0.6
2022,1,49,Parker Hesse(FA),1,2,5,5.0,5,0,0,0,0,0,0,1,0.5,0.5
2022,1,50,Dawson Knox(BUF),1,2,5,5.0,5,0,0,0,0,0,0,1,0.5,0.5
2022,1,51,Brevin Jordan(HOU),1,2,5,5.0,5,0,0,0,0,0,0,1,0.5,0.5
2022,1,52,Tyler Davis(FA),1,1,3,3.0,3,0,0,0,0,0,0,1,0.3,0.3
2022,1,53,Drew Sample(CIN),1,1,2,2.0,2,0,0,0,0,0,0,1,0.2,0.2
2022,1,54,Ben Ellefson(FA),1,1,2,2.0,2,0,0,0,0,0,0,1,0.2,0.2
2022,1,55,Tommy Tremble(CAR),1,1,1,1.0,1,0,0,0,0,0,0,1,0.1,0.1
2022,1,56,Mike Gesicki(CIN),1,1,1,1.0,1,0,0,0,0,0,0,1,0.1,0.1
2022,1,57,John Bates(WAS),0,1,0,0,0,0,0,0,0,0,0,1,0.0,0.0
2022,1,58,Jake Ferguson(DAL),0,0,0,0,0,0,0,0,0,0,0,1,0.0,0.0
2022,1,59,Cole Kmet(CHI),0,1,0,0,0,0,0,0,0,0,0,1,0.0,0.0
2022,1,60,Noah Togiai(FA),0,1,0,0,0,0,0,0,0,0,0,1,0.0,0.0
2022,1,61,Lawrence Cager(WAS),0,1,0,0,0,0,0,0,0,0,0,1,0.0,0.0
2022,1,62,Giovanni Ricci(MIN),0,0,0,0,0,0,0,0,0,0,0,1,0.0,0.0
2022,1,63,Isaiah Likely(BAL),0,4,0,0,0,0,0,0,0,0,0,1,0.0,0.0
2022,1,64,Shane Zylstra(DET),0,0,0,0,0,0,0,0,0,0,0,1,0.0,0.0
2022,1,65,Jelani Woods(IND),0,0,0,0,0,0,0,0,0,0,0,1,0.0,0.0
2022,1,66,Daniel Bellinger(NYG),0,0,0,0,0,0,0,0,0,0,0,1,0.0,0.0
2022,1,67,Cade Otton(TB),0,0,0,0,0,0,0,0,0,0,0,1,0.0,0.0
2022,1,68,Brock Wright(DET),0,0,0,0,0,0,0,0,0,0,0,1,0.0,0.0
2022,1,69,Connor Heyward(PIT),0,0,0,0,0,0,0,0,0,0,0,1,0.0,0.0
2022,1,70,Ko Kieft(TB),0,0,0,0,0,0,0,0,0,0,0,1,0.0,0.0
2022,1,71,Richard Rodgers(FA),0,1,0,0,0,0,0,0,0,0,0,1,0.0,0.0
2022,1,72,Ryan Griffin(FA),0,2,0,0,0,0,0,0,0,0,0,1,0.0,0.0
2022,1,73,Eric Saubert(SEA),0,1,0,0,0,0,0,0,0,0,0,1,0.0,0.0
2022,1,74,Irv Smith Jr.(HOU),0,2,0,0,0,0,0,0,0,0,0,1,0.0,0.0
2022,1,75,Stephen Anderson(FA),0,0,0,0,0,0,0,0,0,0,0,1,0.0,0.0
2022,1,76,Eric Tomlinson(FA),0,1,0,0,0,0,0,0,0,0,0,1,0.0,0.0
2022,2,1,Mark Andrews(BAL),9,11,104,11.6,25,1,1,1,3,0,0,1,16.7,16.7
2022,2,2,Darren Waller(MIA),6,8,50,8.3,19,0,1,0,0,0,0,1,11.0,11.0
2022,2,3,Mike Gesicki(CIN),4,4,41,10.3,14,0,1,0,0,0,0,1,10.1,10.1
2022,2,4,Ross Dwelley(SF),1,1,38,38.0,38,1,1,0,0,0,0,1,9.8,9.8
2022,2,5,Logan Thomas(FA),3,5,37,12.3,20,1,1,0,0,0,0,1,9.7,9.7
2022,2,6,Irv Smith Jr.(HOU),5,8,36,7.2,15,0,1,0,0,0,0,1,9.6,9.6
2022,2,7,Pat Freiermuth(PIT),4,7,22,5.5,8,0,1,0,0,0,0,1,8.2,8.2
2022,2,8,Eric Saubert(SEA),1,2,22,22.0,22,1,1,0,0,0,0,1,8.2,8.2
2022,2,9,Dallas Goedert(PHI),5,6,82,16.4,24,1,0,0,0,0,0,1,8.2,8.2
2022,2,10,Daniel Bellinger(NYG),1,1,16,16.0,16,0,1,0,0,0,0,1,7.6,7.6
2022,2,11,Zach Ertz(WAS),8,11,75,9.4,16,0,0,0,0,0,0,1,7.5,7.5
2022,2,12,Gerald Everett(FA),6,10,71,11.8,26,1,0,0,0,0,0,1,7.1,7.1
2022,2,13,Tyler Higbee(LAR),7,9,71,10.1,18,0,0,0,0,0,0,1,7.1,7.1
2022,2,14,Travis Kelce(KC),5,7,51,10.2,19,0,0,0,0,0,0,1,5.1,5.1
2022,2,15,Evan Engram(DEN),7,8,46,6.6,12,0,0,0,0,0,0,1,4.6,4.6
2022,2,16,Harrison Bryant(PHI),3,4,45,15.0,30,1,0,0,0,0,0,1,4.5,4.5
2022,2,17,Isaiah Likely(BAL),4,5,43,10.8,34,1,0,0,0,0,0,1,4.3,4.3
2022,2,18,Dawson Knox(BUF),4,5,41,10.3,15,0,0,0,0,0,0,1,4.1,4.1
2022,2,19,Tyler Conklin(LAC),6,9,40,6.7,13,0,0,0,0,0,0,1,4.0,4.0
2022,2,20,Juwan Johnson(NO),4,7,40,10.0,22,1,0,0,0,0,0,1,4.0,4.0
2022,2,21,David Njoku(CLE),3,5,32,10.7,15,0,0,0,0,0,0,1,3.2,3.2
2022,2,22,Foster Moreau(NO),3,4,30,10.0,19,0,0,0,0,0,0,1,3.0,3.0
2022,2,23,Johnny Mundt(JAC),2,3,28,14.0,17,0,0,0,0,0,0,1,2.8,2.8
2022,2,24,T.J. Hockenson(MIN),3,7,26,8.7,18,0,0,0,0,0,0,1,2.6,2.6
2022,2,25,Brock Wright(DET),1,1,25,25.0,25,1,0,0,0,0,0,1,2.5,2.5
2022,2,26,Hayden Hurst(FA),5,7,24,4.8,8,0,0,0,0,0,0,1,2.4,2.4
2022,2,27,Pharaoh Brown(MIA),3,5,24,8.0,18,0,0,0,0,0,0,1,2.4,2.4
2022,2,28,Tanner Hudson(CIN),2,3,22,11.0,15,0,0,0,0,0,0,1,2.2,2.2
2022,2,29,Kyle Pitts(ATL),2,3,19,9.5,13,0,0,0,0,0,0,1,1.9,1.9
2022,2,30,Austin Hooper(NE),1,5,19,19.0,19,0,0,0,0,0,0,1,1.9,1.9
2022,2,31,Ryan Griffin(FA),1,1,18,18.0,18,0,0,0,0,0,0,1,1.8,1.8
2022,2,32,Giovanni Ricci(MIN),1,1,16,16.0,16,0,0,0,0,0,0,1,1.6,1.6
2022,2,33,John Bates(WAS),2,3,15,7.5,9,0,0,0,0,0,0,1,1.5,1.5
2022,2,34,Taysom Hill(NO),0,0,0,0,0,0,0,3,14,0,0,1,1.4,1.4
2022,2,35,Kylen Granson(PHI),2,2,14,7.0,8,0,0,0,0,0,0,1,1.4,1.4
2022,2,36,Ian Thomas(LV),1,3,13,13.0,13,0,0,0,0,0,0,1,1.3,1.3
2022,2,37,Stephen Sullivan(CAR),1,1,13,13.0,13,0,0,0,0,0,0,1,1.3,1.3
2022,2,38,Noah Gray(KC),2,3,12,6.0,11,0,0,0,0,0,0,1,1.2,1.2
2022,2,39,Robert Tonyan(KC),2,2,11,5.5,9,0,0,0,0,0,0,1,1.1,1.1
2022,2,40,Noah Fant(SEA),2,2,11,5.5,7,0,0,0,0,0,0,1,1.1,1.1
2022,2,41,Cameron Brate(FA),1,2,9,9.0,9,0,0,0,0,0,0,1,0.9,0.9
2022,2,42,Mo Alie-Cox(IND),1,3,9,9.0,9,0,0,0,0,0,0,1,0.9,0.9
2022,2,43,Dan Arnold(FA),1,1,8,8.0,8,0,0,0,0,0,0,1,0.8,0.8
2022,2,44,O.J. Howard(FA),1,1,7,7.0,7,0,0,0,0,0,0,1,0.7,0.7
2022,2,45,Quintin Morris(JAC),1,1,6,6.0,6,0,0,0,0,0,0,1,0.6,0.6
2022,2,46,Durham Smythe(CHI),1,1,5,5.0,5,0,0,0,0,0,0,1,0.5,0.5
2022,2,47,Parker Hesse(FA),1,1,5,5.0,5,0,0,0,0,0,0,1,0.5,0.5
2022,2,48,Cade Otton(TB),1,2,4,4.0,4,0,0,0,0,0,0,1,0.4,0.4
2022,2,49,Brevin Jordan(HOU),2,4,3,1.5,4,0,0,0,0,0,0,1,0.3,0.3
2022,2,50,Mitchell Wilcox(FA),1,1,3,3.0,3,0,0,0,0,0,0,1,0.3,0.3
2022,2,51,Stephen Anderson(FA),1,1,2,2.0,2,0,0,0,0,0,0,1,0.2,0.2
2022,2,52,Kenny Yeboah(DET),0,0,0,0,0,0,0,0,0,0,0,1,0.0,0.0
2022,2,53,Trey McBride(ARI),0,0,0,0,0,0,0,0,0,0,0,1,0.0,0.0
2022,2,54,Tommy Tremble(CAR),0,0,0,0,0,0,0,0,0,0,0,1,0.0,0.0
2022,2,55,Jake Ferguson(DAL),0,0,0,0,0,0,0,0,0,0,0,1,0.0,0.0
2022,2,56,Tyler Davis(FA),0,1,0,0,0,0,0,0,0,0,0,1,0.0,0.0
2022,2,57,Jody Fortson Jr.(FA),0,1,0,0,0,0,0,0,0,0,0,1,0.0,0.0
2022,2,58,Cole Kmet(CHI),0,1,0,0,0,0,0,0,0,0,0,1,0.0,0.0
2022,2,59,Chris Myarick(FA),0,0,0,0,0,0,0,0,0,0,0,1,0.0,0.0
2022,2,60,Jeremy Ruckert(NYJ),0,1,0,0,0,0,0,0,0,0,0,1,0.0,0.0
2022,2,61,Jelani Woods(IND),0,0,0,0,0,0,0,0,0,0,0,1,0.0,0.0
2022,2,62,Tanner Conner(MIA),0,0,0,0,0,0,0,0,0,0,0,1,0.0,0.0
2022,2,63,Chig Okonkwo(TEN),0,0,0,0,0,0,0,0,0,0,0,1,0.0,0.0
2022,2,64,Shane Zylstra(DET),0,0,0,0,0,0,0,0,0,0,0,1,0.0,0.0
2022,2,65,Connor Heyward(PIT),0,0,0,0,0,0,0,0,0,0,0,1,0.0,0.0
2022,2,66,Ko Kieft(TB),0,0,0,0,0,0,0,0,0,0,0,1,0.0,0.0
2022,2,67,Jonnu Smith(PIT),0,3,0,0,0,0,0,0,0,0,0,1,0.0,0.0
2022,2,68,Albert Okwuegbunam Jr.(IND),0,2,0,0,0,0,0,0,0,0,0,1,0.0,0.0
2022,2,69,Will Dissly(LAC),2,2,0,0.0,2,0,0,0,0,0,0,1,0.0,0.0
2022,2,70,Hunter Henry(NE),0,1,0,0,0,0,0,0,0,0,0,1,0.0,0.0
2022,2,71,Patrick Scales(FA),0,0,0,0,0,0,0,0,0,0,0,1,0.0,0.0
2022,2,72,Andrew Beck(NYJ),0,0,0,0,0,0,0,1,-1,0,0,1,-0.1,-0.1
2022,2,73,Dalton Schultz(HOU),2,4,18,9.0,9,0,0,0,0,0,1,1,-0.2,-0.2
2022,2,74,Drew Sample(CIN),1,1,-4,-4.0,0,0,0,0,0,0,0,1,-0.4,-0.4
2022,3,1,Mark Andrews(BAL),8,13,89,11.1,25,1,2,0,0,0,0,1,20.9,20.9
2022,3,2,David Njoku(CLE),9,10,89,9.9,19,0,1,0,0,0,0,1,14.9,14.9
2022,3,3,Travis Kelce(KC),4,8,58,14.5,29,2,1,1,1,0,0,1,13.9,13.9
2022,3,4,Jelani Woods(IND),2,3,13,6.5,12,0,2,0,0,0,0,1,13.3,13.3
2022,3,5,Will Dissly(LAC),3,3,34,11.3,18,0,1,0,0,0,0,1,9.4,9.4
2022,3,6,Jordan Akins(FA),3,4,31,10.3,25,1,1,0,0,0,0,1,9.1,9.1
2022,3,7,Kyle Pitts(ATL),5,8,87,17.4,28,2,0,0,0,0,0,1,8.7,8.7
2022,3,8,Dallas Goedert(PHI),3,4,26,8.7,23,1,1,0,0,0,0,1,8.6,8.6
2022,3,9,Tyler Conklin(LAC),8,8,84,10.5,21,1,0,0,0,0,0,1,8.4,8.4
2022,3,10,Geoff Swaim(FA),3,3,19,6.3,13,0,1,0,0,0,0,1,7.9,7.9
2022,3,11,T.J. Hockenson(MIN),3,4,18,6.0,7,0,1,0,0,0,0,1,7.8,7.8
2022,3,12,Josh Oliver(MIN),2,2,8,4.0,7,0,1,0,0,0,0,1,6.8,6.8
2022,3,13,Tyler Higbee(LAR),4,4,61,15.3,26,1,0,0,0,0,0,1,6.1,6.1
2022,3,14,Cameron Brate(FA),5,6,52,10.4,19,0,0,0,0,0,0,1,5.2,5.2
2022,3,15,Zach Ertz(WAS),6,10,45,7.5,12,0,0,0,0,0,0,1,4.5,4.5
2022,3,16,Foster Moreau(NO),3,4,44,14.7,22,1,0,0,0,0,0,1,4.4,4.4
2022,3,17,Colby Parkinson(LAR),2,2,44,22.0,36,1,0,0,0,0,0,1,4.4,4.4
2022,3,18,Peyton Hendershot(FA),3,3,43,14.3,29,1,0,0,0,0,0,1,4.3,4.3
2022,3,19,Pat Freiermuth(PIT),2,4,41,20.5,26,1,0,0,0,0,0,1,4.1,4.1
2022,3,20,Grant Calcaterra(PHI),1,1,40,40.0,40,1,0,0,0,0,0,1,4.0,4.0
2022,3,21,Cole Kmet(CHI),2,3,40,20.0,24,1,0,0,0,0,0,1,4.0,4.0
2022,3,22,Daniel Bellinger(NYG),4,5,40,10.0,20,1,0,0,0,0,0,1,4.0,4.0
2022,3,23,Robert Tonyan(KC),6,7,37,6.2,9,0,0,0,0,0,0,1,3.7,3.7
2022,3,24,Irv Smith Jr.(HOU),2,6,32,16.0,17,0,0,0,0,0,0,1,3.2,3.2
2022,3,25,Pharaoh Brown(MIA),3,4,31,10.3,30,1,0,0,0,0,0,1,3.1,3.1
2022,3,26,Evan Engram(DEN),1,3,9,9.0,9,0,0,1,0,0,0,1,2.9,2.9
2022,3,27,Kendall Blanton(FA),1,1,28,28.0,28,1,0,0,0,0,0,1,2.8,2.8
2022,3,28,George Kittle(SF),4,5,28,7.0,11,0,0,0,0,0,0,1,2.8,2.8
2022,3,29,Noah Fant(SEA),4,4,27,6.8,16,0,0,0,0,0,0,1,2.7,2.7
2022,3,30,Tyler Davis(FA),2,2,26,13.0,23,1,0,0,0,0,0,1,2.6,2.6
2022,3,31,Noah Gray(KC),1,2,26,26.0,26,1,0,0,0,0,0,1,2.6,2.6
2022,3,32,Gerald Everett(FA),2,6,25,12.5,14,0,0,0,0,0,0,1,2.5,2.5
2022,3,33,Dawson Knox(BUF),4,4,25,6.3,8,0,0,0,0,0,0,1,2.5,2.5
2022,3,34,Jonnu Smith(PIT),4,4,25,6.3,8,0,0,0,0,0,0,1,2.5,2.5
2022,3,35,Ben Ellefson(FA),2,2,24,12.0,12,0,0,0,0,0,0,1,2.4,2.4
2022,3,36,Johnny Mundt(JAC),2,2,23,11.5,12,0,0,0,0,0,0,1,2.3,2.3
2022,3,37,Durham Smythe(CHI),3,3,23,7.7,13,0,0,0,0,0,0,1,2.3,2.3
2022,3,38,Anthony Firkser(FA),1,1,22,22.0,22,1,0,0,0,0,0,1,2.2,2.2
2022,3,39,Darren Waller(MIA),3,5,22,7.3,17,0,0,0,0,0,0,1,2.2,2.2
2022,3,40,Quintin Morris(JAC),2,2,22,11.0,15,0,0,0,0,0,0,1,2.2,2.2
2022,3,41,Austin Hooper(NE),2,2,19,9.5,11,0,0,0,0,0,0,1,1.9,1.9
2022,3,42,Giovanni Ricci(MIN),1,2,15,15.0,15,0,0,0,0,0,0,1,1.5,1.5
2022,3,43,Ian Thomas(LV),2,3,13,6.5,9,0,0,0,0,0,0,1,1.3,1.3
2022,3,44,Jake Ferguson(DAL),2,3,13,6.5,8,0,0,0,0,0,0,1,1.3,1.3
2022,3,45,Kyle Rudolph(FA),1,1,12,12.0,12,0,0,0,0,0,0,1,1.2,1.2
2022,3,46,Albert Okwuegbunam Jr.(IND),1,2,12,12.0,12,0,0,0,0,0,0,1,1.2,1.2
2022,3,47,Mitchell Wilcox(FA),1,1,9,9.0,9,0,0,0,0,0,0,1,0.9,0.9
2022,3,48,Mo Alie-Cox(IND),1,3,9,9.0,9,0,0,0,0,0,0,1,0.9,0.9
2022,3,49,Adam Trautman(DEN),1,1,9,9.0,9,0,0,0,0,0,0,1,0.9,0.9
2022,3,50,Hunter Henry(NE),1,1,8,8.0,8,0,0,0,0,0,0,1,0.8,0.8
2022,3,51,Isaiah Likely(BAL),1,2,8,8.0,8,0,0,0,0,0,0,1,0.8,0.8
2022,3,52,Kylen Granson(PHI),2,2,7,3.5,5,0,0,0,0,0,0,1,0.7,0.7
2022,3,53,Hayden Hurst(FA),1,2,7,7.0,7,0,0,0,0,0,0,1,0.7,0.7
2022,3,54,Tommy Tremble(CAR),1,1,7,7.0,7,0,0,0,0,0,0,1,0.7,0.7
2022,3,55,Chris Myarick(FA),1,1,6,6.0,6,0,0,0,0,0,0,1,0.6,0.6
2022,3,56,Mike Gesicki(CIN),1,1,6,6.0,6,0,0,0,0,0,0,1,0.6,0.6
2022,3,57,Logan Thomas(FA),2,3,5,2.5,5,0,0,0,0,0,0,1,0.5,0.5
2022,3,58,C.J. Uzomah(FA),1,1,5,5.0,5,0,0,0,0,0,0,1,0.5,0.5
2022,3,59,Nick Vannett(FA),1,1,5,5.0,5,0,0,0,0,0,0,1,0.5,0.5
2022,3,60,Jack Stoll(NO),1,2,4,4.0,4,0,0,0,0,0,0,1,0.4,0.4
2022,3,61,Hunter Long(JAC),0,0,0,0,0,0,0,0,0,0,0,1,0.0,0.0
2022,3,62,Tre' McKitty(FA),0,0,0,0,0,0,0,0,0,0,0,1,0.0,0.0
2022,3,63,Miller Forristall(FA),0,1,0,0,0,0,0,0,0,0,0,1,0.0,0.0
2022,3,64,John Bates(WAS),0,1,0,0,0,0,0,0,0,0,0,1,0.0,0.0
2022,3,65,Trey McBride(ARI),0,0,0,0,0,0,0,0,0,0,0,1,0.0,0.0
2022,3,66,Juwan Johnson(NO),0,1,0,0,0,0,0,0,0,0,0,1,0.0,0.0
2022,3,67,Stephen Sullivan(CAR),0,0,0,0,0,0,0,0,0,0,0,1,0.0,0.0
2022,3,68,Parker Hesse(FA),0,0,0,0,0,0,0,0,0,0,0,1,0.0,0.0
2022,3,69,Feleipe Franks(ATL),0,0,0,0,0,0,0,0,0,0,0,1,0.0,0.0
2022,3,70,Austin Allen(FA),0,0,0,0,0,0,0,0,0,0,0,1,0.0,0.0
2022,3,71,Shane Zylstra(DET),0,0,0,0,0,0,0,0,0,0,0,1,0.0,0.0
2022,3,72,Tanner Conner(MIA),0,0,0,0,0,0,0,0,0,0,0,1,0.0,0.0
2022,3,73,Chig Okonkwo(TEN),0,0,0,0,0,0,0,0,0,0,0,1,0.0,0.0
2022,3,74,Jacob Harris(FA),0,0,0,0,0,0,0,0,0,0,0,1,0.0,0.0
2022,3,75,Brock Wright(DET),0,0,0,0,0,0,0,0,0,0,0,1,0.0,0.0
2022,3,76,Armani Rogers(FA),0,0,0,0,0,0,0,0,0,0,0,1,0.0,0.0
2022,3,77,Ko Kieft(TB),0,0,0,0,0,0,0,0,0,0,0,1,0.0,0.0
2022,3,78,Connor Heyward(PIT),0,0,0,0,0,0,0,0,0,0,0,1,0.0,0.0
2022,3,79,Jake Tonges(SF),0,1,0,0,0,0,0,0,0,0,0,1,0.0,0.0
2022,3,80,Jody Fortson Jr.(FA),0,0,0,0,0,0,0,0,0,0,0,1,0.0,0.0
2022,3,81,O.J. Howard(FA),0,1,0,0,0,0,0,0,0,0,0,1,0.0,0.0
2022,3,82,Eric Saubert(SEA),0,1,0,0,0,0,0,0,0,0,0,1,0.0,0.0
2022,3,83,Jesper Horsted(FA),0,0,0,0,0,0,0,0,0,0,0,1,0.0,0.0
2022,3,84,Ross Dwelley(SF),0,0,0,0,0,0,0,0,0,0,0,1,0.0,0.0
2022,3,85,Stephen Anderson(FA),0,0,0,0,0,0,0,0,0,0,0,1,0.0,0.0
2022,3,86,Zach Wood(NO),0,0,0,0,0,0,0,0,0,0,0,1,0.0,0.0
2022,4,1,T.J. Hockenson(MIN),8,12,179,22.4,81,3,2,0,0,0,0,1,31.9,31.9
2022,4,2,Mo Alie-Cox(IND),6,6,85,14.2,34,1,2,0,0,0,0,1,20.5,20.5
2022,4,3,Travis Kelce(KC),9,10,92,10.2,22,1,1,0,0,0,0,1,15.2,15.2
2022,4,4,Gerald Everett(FA),5,6,61,12.2,18,0,1,0,0,0,0,1,12.1,12.1
2022,4,5,Zach Ertz(WAS),6,6,47,7.8,23,1,1,0,0,0,0,1,10.7,10.7
2022,4,6,Will Dissly(LAC),4,4,39,9.8,17,0,1,0,0,0,0,1,9.9,9.9
2022,4,7,Chig Okonkwo(TEN),3,3,38,12.7,23,1,1,0,0,0,0,1,9.8,9.8
2022,4,8,Hayden Hurst(FA),3,4,27,9.0,19,0,1,0,0,0,0,1,8.7,8.7
2022,4,9,Pat Freiermuth(PIT),7,9,85,12.1,24,1,0,0,0,0,0,1,8.5,8.5
2022,4,10,Robert Tonyan(KC),2,2,22,11.0,20,1,1,0,0,0,0,1,8.2,8.2
2022,4,11,Taysom Hill(NO),0,0,0,0,0,0,0,5,21,1,0,1,8.1,8.1
2022,4,12,Tyler Higbee(LAR),10,14,73,7.3,12,0,0,0,0,0,0,1,7.3,7.3
2022,4,13,Dallas Goedert(PHI),5,6,72,14.4,26,2,0,0,0,0,0,1,7.2,7.2
2022,4,14,Jody Fortson Jr.(FA),1,1,10,10.0,10,0,1,0,0,0,0,1,7.0,7.0
2022,4,15,Kylen Granson(PHI),4,4,62,15.5,20,1,0,0,0,0,0,1,6.2,6.2
2022,4,16,Noah Fant(SEA),1,1,2,2.0,2,0,1,0,0,0,0,1,6.2,6.2
2022,4,17,Noah Gray(KC),0,1,0,0,0,0,0,1,1,1,0,1,6.1,6.1
2022,4,18,Tyler Conklin(LAC),3,5,52,17.3,26,1,0,0,0,0,0,1,5.2,5.2
2022,4,19,David Njoku(CLE),5,7,73,14.6,25,2,0,1,-6,0,1,1,4.7,4.7
2022,4,20,Dawson Knox(BUF),3,6,40,13.3,20,1,0,0,0,0,0,1,4.0,4.0
2022,4,21,Adam Trautman(DEN),3,3,37,12.3,14,0,0,0,0,0,0,1,3.7,3.7
2022,4,22,Tommy Tremble(CAR),3,6,34,11.3,16,0,0,0,0,0,0,1,3.4,3.4
2022,4,23,Juwan Johnson(NO),3,4,33,11.0,16,0,0,0,0,0,0,1,3.3,3.3
2022,4,24,Jordan Akins(FA),2,2,33,16.5,30,1,0,0,0,0,0,1,3.3,3.3
2022,4,25,Jelani Woods(IND),1,1,33,33.0,33,1,0,0,0,0,0,1,3.3,3.3
2022,4,26,Cameron Brate(FA),4,8,32,8.0,11,0,0,0,0,0,0,1,3.2,3.2
2022,4,27,Cade Otton(TB),3,4,29,9.7,12,0,0,0,0,0,0,1,2.9,2.9
2022,4,28,Colby Parkinson(LAR),2,3,28,14.0,15,0,0,0,0,0,0,1,2.8,2.8
2022,4,29,O.J. Howard(FA),2,5,27,13.5,22,1,0,0,0,0,0,1,2.7,2.7
2022,4,30,Dan Arnold(FA),1,1,26,26.0,26,1,0,0,0,0,0,1,2.6,2.6
2022,4,31,Eric Saubert(SEA),1,2,25,25.0,25,1,0,0,0,0,0,1,2.5,2.5
2022,4,32,Kyle Pitts(ATL),1,4,25,25.0,25,1,0,0,0,0,0,1,2.5,2.5
2022,4,33,Trey McBride(ARI),3,3,24,8.0,11,0,0,0,0,0,0,1,2.4,2.4
2022,4,34,George Kittle(SF),2,4,24,12.0,20,1,0,0,0,0,0,1,2.4,2.4
2022,4,35,Darren Waller(MIA),3,5,24,8.0,13,0,0,0,0,0,0,1,2.4,2.4
2022,4,36,Irv Smith Jr.(HOU),3,4,23,7.7,10,0,0,0,0,0,0,1,2.3,2.3
2022,4,37,Daniel Bellinger(NYG),3,3,23,7.7,12,0,0,0,0,0,0,1,2.3,2.3
2022,4,38,Trevon Wesco(FA),1,2,23,23.0,23,1,0,0,0,0,0,1,2.3,2.3
2022,4,39,Mike Gesicki(CIN),2,4,23,11.5,21,1,0,0,0,0,0,1,2.3,2.3
2022,4,40,Parker Hesse(FA),1,1,22,22.0,22,1,0,0,0,0,0,1,2.2,2.2
2022,4,41,John Bates(WAS),4,6,19,4.8,7,0,0,0,0,0,0,1,1.9,1.9
2022,4,42,Ko Kieft(TB),1,1,19,19.0,19,0,0,0,0,0,0,1,1.9,1.9
2022,4,43,Logan Thomas(FA),5,6,19,3.8,6,0,0,0,0,0,0,1,1.9,1.9
2022,4,44,Tanner Hudson(CIN),1,2,18,18.0,18,0,0,0,0,0,0,1,1.8,1.8
2022,4,45,Harrison Bryant(PHI),4,6,18,4.5,8,0,0,0,0,0,0,1,1.8,1.8
2022,4,46,Mitchell Wilcox(FA),1,1,18,18.0,18,0,0,0,0,0,0,1,1.8,1.8
2022,4,47,Cole Kmet(CHI),3,3,16,5.3,13,0,0,0,0,0,0,1,1.6,1.6
2022,4,48,Evan Engram(DEN),1,1,16,16.0,16,0,0,0,0,0,0,1,1.6,1.6
2022,4,49,Mark Andrews(BAL),2,5,15,7.5,9,0,0,0,0,0,0,1,1.5,1.5
2022,4,50,Hunter Henry(NE),2,4,13,6.5,7,0,0,0,0,0,0,1,1.3,1.3
2022,4,51,Kendall Blanton(FA),1,1,7,7.0,7,0,0,0,0,0,0,1,0.7,0.7
2022,4,52,Jake Ferguson(DAL),1,1,7,7.0,7,0,0,0,0,0,0,1,0.7,0.7
2022,4,53,Ian Thomas(LV),1,3,6,6.0,6,0,0,0,0,0,0,1,0.6,0.6
2022,4,54,Austin Hooper(NE),1,1,4,4.0,4,0,0,0,0,0,0,1,0.4,0.4
2022,4,55,Tre' McKitty(FA),1,1,4,4.0,4,0,0,0,0,0,0,1,0.4,0.4
2022,4,56,Zach Gentry(FA),1,1,2,2.0,2,0,0,0,0,0,0,1,0.2,0.2
2022,4,57,Quintin Morris(JAC),0,1,0,0,0,0,0,0,0,0,0,1,0.0,0.0
2022,4,58,Peyton Hendershot(FA),0,0,0,0,0,0,0,0,0,0,0,1,0.0,0.0
2022,4,59,Stephen Sullivan(CAR),0,0,0,0,0,0,0,0,0,0,0,1,0.0,0.0
2022,4,60,Charlie Woerner(ATL),0,1,0,0,0,0,0,0,0,0,0,1,0.0,0.0
2022,4,61,Josiah Deguara(ARI),0,1,0,0,0,0,0,0,0,0,0,1,0.0,0.0
2022,4,62,Tyler Davis(FA),0,0,0,0,0,0,0,0,0,0,0,1,0.0,0.0
2022,4,63,Giovanni Ricci(MIN),0,0,0,0,0,0,0,0,0,0,0,1,0.0,0.0
2022,4,64,Devin Asiasi(FA),0,1,0,0,0,0,0,0,0,0,0,1,0.0,0.0
2022,4,65,Feleipe Franks(ATL),0,0,0,0,0,0,0,0,0,0,0,1,0.0,0.0
2022,4,66,Jeremy Ruckert(NYJ),0,0,0,0,0,0,0,0,0,0,0,1,0.0,0.0
2022,4,67,Austin Allen(FA),0,0,0,0,0,0,0,0,0,0,0,1,0.0,0.0
2022,4,68,Isaiah Likely(BAL),0,0,0,0,0,0,0,0,0,0,0,1,0.0,0.0
2022,4,69,Tanner Conner(MIA),0,0,0,0,0,0,0,0,0,0,0,1,0.0,0.0
2022,4,70,Grant Calcaterra(PHI),0,0,0,0,0,0,0,0,0,0,0,1,0.0,0.0
2022,4,71,Brock Wright(DET),0,0,0,0,0,0,0,0,0,0,0,1,0.0,0.0
2022,4,72,Connor Heyward(PIT),0,0,0,0,0,0,0,0,0,0,0,1,0.0,0.0
2022,4,73,Johnny Mundt(JAC),0,1,0,0,0,0,0,0,0,0,0,1,0.0,0.0
2022,4,74,Mason Schreck(FA),1,1,0,0.0,0,0,0,0,0,0,0,1,0.0,0.0
2022,4,75,Andrew Beck(NYJ),0,0,0,0,0,0,0,0,0,0,0,1,0.0,0.0
2022,4,76,Durham Smythe(CHI),0,0,0,0,0,0,0,0,0,0,0,1,0.0,0.0
2022,4,77,Dalton Schultz(HOU),0,3,0,0,0,0,0,0,0,0,0,1,0.0,0.0
2022,4,78,Ross Dwelley(SF),0,1,0,0,0,0,0,0,0,0,0,1,0.0,0.0
2022,4,79,C.J. Uzomah(FA),0,0,0,0,0,0,0,0,0,0,0,1,0.0,0.0
2022,4,80,Chris Manhertz(NYG),1,1,0,0.0,0,0,0,0,0,0,0,1,0.0,0.0
2022,4,81,Stephen Anderson(FA),0,0,0,0,0,0,0,0,0,0,0,1,0.0,0.0
2022,4,82,J.P. Holtz(FA),0,0,0,0,0,0,0,0,0,0,0,1,0.0,0.0
2022,5,1,Taysom Hill(NO),0,0,0,0,0,0,0,9,112,3,0,1,34.1,34.1
2022,5,2,Travis Kelce(KC),7,8,25,3.6,8,0,4,0,0,0,0,1,26.5,26.5
2022,5,3,Mark Andrews(BAL),8,10,89,11.1,20,1,1,0,0,0,0,1,14.9,14.9
2022,5,4,Hayden Hurst(FA),6,7,53,8.8,19,0,1,0,0,0,0,1,11.3,11.3
2022,5,5,Dallas Goedert(PHI),8,9,95,11.9,31,1,0,0,0,0,0,1,9.5,9.5
2022,5,6,Adam Trautman(DEN),2,3,32,16.0,22,1,1,0,0,0,0,1,9.2,9.2
2022,5,7,David Njoku(CLE),6,6,88,14.7,38,1,0,0,0,0,0,1,8.8,8.8
2022,5,8,Daniel Bellinger(NYG),2,3,22,11.0,11,0,0,1,2,1,0,1,8.4,8.4
2022,5,9,Evan Engram(DEN),6,10,69,11.5,28,2,0,0,0,0,0,1,6.9,6.9
2022,5,10,Durham Smythe(CHI),1,1,8,8.0,8,0,0,1,1,1,0,1,6.9,6.9
2022,5,11,Marcedes Lewis(FA),1,1,2,2.0,2,0,1,0,0,0,0,1,6.2,6.2
2022,5,12,Hunter Henry(NE),4,5,54,13.5,23,1,0,0,0,0,0,1,5.4,5.4
2022,5,13,Noah Fant(SEA),3,5,49,16.3,32,1,0,0,0,0,0,1,4.9,4.9
2022,5,14,Zach Ertz(WAS),6,10,48,8.0,11,0,0,0,0,0,0,1,4.8,4.8
2022,5,15,Tyler Higbee(LAR),7,10,46,6.6,10,0,0,0,0,0,0,1,4.6,4.6
2022,5,16,Cole Kmet(CHI),4,4,45,11.3,23,1,0,0,0,0,0,1,4.5,4.5
2022,5,17,Zach Gentry(FA),5,6,43,8.6,11,0,0,0,0,0,0,1,4.3,4.3
2022,5,18,Cade Otton(TB),6,7,43,7.2,12,0,0,0,0,0,0,1,4.3,4.3
2022,5,19,Irv Smith Jr.(HOU),4,5,42,10.5,15,0,0,0,0,0,0,1,4.2,4.2
2022,5,20,John Bates(WAS),3,3,39,13.0,20,1,0,0,0,0,0,1,3.9,3.9
2022,5,21,Eric Saubert(SEA),5,7,36,7.2,10,0,0,0,0,0,0,1,3.6,3.6
2022,5,22,Mike Gesicki(CIN),1,2,30,30.0,30,1,0,0,0,0,0,1,3.0,3.0
2022,5,23,Giovanni Ricci(MIN),3,3,27,9.0,12,0,0,0,0,0,0,1,2.7,2.7
2022,5,24,George Kittle(SF),5,6,47,9.4,20,1,0,0,0,0,1,1,2.7,2.7
2022,5,25,Robert Tonyan(KC),4,4,23,5.8,14,0,0,0,0,0,0,1,2.3,2.3
2022,5,26,Jordan Akins(FA),2,2,22,11.0,11,0,0,0,0,0,0,1,2.2,2.2
2022,5,27,Will Dissly(LAC),2,3,21,10.5,15,0,0,0,0,0,0,1,2.1,2.1
2022,5,28,Dan Arnold(FA),1,2,20,20.0,20,1,0,0,0,0,0,1,2.0,2.0
2022,5,29,Jesper Horsted(FA),3,3,19,6.3,9,0,0,0,0,0,0,1,1.9,1.9
2022,5,30,Josiah Deguara(ARI),2,2,19,9.5,12,0,0,0,0,0,0,1,1.9,1.9
2022,5,31,Quintin Morris(JAC),3,5,39,13.0,26,1,0,0,0,0,1,1,1.9,1.9
2022,5,32,Kylen Granson(PHI),1,3,16,16.0,16,0,0,0,0,0,0,1,1.6,1.6
2022,5,33,Chris Manhertz(NYG),2,2,15,7.5,12,0,0,0,0,0,0,1,1.5,1.5
2022,5,34,Juwan Johnson(NO),1,2,13,13.0,13,0,0,0,0,0,0,1,1.3,1.3
2022,5,35,Connor Heyward(PIT),2,2,12,6.0,7,0,0,0,0,0,0,1,1.2,1.2
2022,5,36,Pat Freiermuth(PIT),2,2,12,6.0,8,0,0,0,0,0,0,1,1.2,1.2
2022,5,37,C.J. Uzomah(FA),2,2,12,6.0,9,0,0,0,0,0,0,1,1.2,1.2
2022,5,38,Anthony Firkser(FA),1,1,11,11.0,11,0,0,0,0,0,0,1,1.1,1.1
2022,5,39,Parker Hesse(FA),1,1,9,9.0,9,0,0,0,0,0,0,1,0.9,0.9
2022,5,40,Ian Thomas(LV),2,2,8,4.0,6,0,0,0,0,0,0,1,0.8,0.8
2022,5,41,Isaiah Likely(BAL),2,2,7,3.5,5,0,0,0,0,0,0,1,0.7,0.7
2022,5,42,Austin Hooper(NE),1,1,7,7.0,7,0,0,0,0,0,0,1,0.7,0.7
2022,5,43,Mo Alie-Cox(IND),1,1,7,7.0,7,0,0,0,0,0,0,1,0.7,0.7
2022,5,44,Noah Gray(KC),1,2,7,7.0,7,0,0,0,0,0,0,1,0.7,0.7
2022,5,45,Mason Schreck(FA),1,1,6,6.0,6,0,0,0,0,0,0,1,0.6,0.6
2022,5,46,Johnny Mundt(JAC),2,2,6,3.0,4,0,0,0,0,0,0,1,0.6,0.6
2022,5,47,T.J. Hockenson(MIN),1,4,6,6.0,6,0,0,0,0,0,0,1,0.6,0.6
2022,5,48,Albert Okwuegbunam Jr.(IND),1,1,5,5.0,5,0,0,0,0,0,0,1,0.5,0.5
2022,5,49,Geoff Swaim(FA),1,1,5,5.0,5,0,0,0,0,0,0,1,0.5,0.5
2022,5,50,Chris Myarick(FA),1,1,4,4.0,4,0,0,0,0,0,0,1,0.4,0.4
2022,5,51,Gerald Everett(FA),1,3,2,2.0,2,0,0,0,0,0,0,1,0.2,0.2
2022,5,52,Ryan Griffin(FA),1,1,1,1.0,1,0,0,0,0,0,0,1,0.1,0.1
2022,5,53,Tre' McKitty(FA),0,2,0,0,0,0,0,0,0,0,0,1,0.0,0.0
2022,5,54,Tommy Tremble(CAR),0,1,0,0,0,0,0,0,0,0,0,1,0.0,0.0
2022,5,55,Peyton Hendershot(FA),0,0,0,0,0,0,0,0,0,0,0,1,0.0,0.0
2022,5,56,Charlie Woerner(ATL),0,0,0,0,0,0,0,0,0,0,0,1,0.0,0.0
2022,5,57,Harrison Bryant(PHI),0,1,0,0,0,0,0,0,0,0,0,1,0.0,0.0
2022,5,58,Donald Parham Jr.(PIT),0,1,0,0,0,0,0,0,0,0,0,1,0.0,0.0
2022,5,59,Matt Orzech(GB),0,0,0,0,0,0,0,0,0,0,0,1,0.0,0.0
2022,5,60,Feleipe Franks(ATL),0,2,0,0,0,0,0,0,0,0,0,1,0.0,0.0
2022,5,61,Cole Turner(WAS),0,3,0,0,0,0,0,0,0,0,0,1,0.0,0.0
2022,5,62,Jelani Woods(IND),0,1,0,0,0,0,0,0,0,0,0,1,0.0,0.0
2022,5,63,Tanner Conner(MIA),0,1,0,0,0,0,0,0,0,0,0,1,0.0,0.0
2022,5,64,Chig Okonkwo(TEN),0,1,0,0,0,0,0,0,0,0,0,1,0.0,0.0
2022,5,65,Armani Rogers(FA),0,0,0,0,0,0,0,0,0,0,0,1,0.0,0.0
2022,5,66,Ko Kieft(TB),0,0,0,0,0,0,0,0,0,0,0,1,0.0,0.0
2022,5,67,Kyle Rudolph(FA),0,1,0,0,0,0,0,0,0,0,0,1,0.0,0.0
2022,5,68,O.J. Howard(FA),0,1,0,0,0,0,0,0,0,0,0,1,0.0,0.0
2022,5,69,Andrew Beck(NYJ),0,1,0,0,0,0,0,0,0,0,0,1,0.0,0.0
2022,5,70,Josh Oliver(MIN),0,1,0,0,0,0,0,0,0,0,0,1,0.0,0.0
2022,5,71,Dalton Schultz(HOU),0,1,0,0,0,0,0,0,0,0,0,1,0.0,0.0
2022,5,72,Tyler Conklin(LAC),0,1,0,0,0,0,0,0,0,0,0,1,0.0,0.0
2022,5,73,Ross Dwelley(SF),0,0,0,0,0,0,0,0,0,0,0,1,0.0,0.0
2022,5,74,Kevin Rader(FA),0,0,0,0,0,0,0,0,0,0,0,1,0.0,0.0
2022,5,75,Eric Tomlinson(FA),0,1,0,0,0,0,0,0,0,0,0,1,0.0,0.0
2022,5,76,Tyler Davis(FA),1,2,-3,-3.0,0,0,0,0,0,0,0,1,-0.3,-0.3
2022,6,1,Mike Gesicki(CIN),6,7,69,11.5,18,0,2,0,0,0,0,1,18.9,18.9
2022,6,2,Mark Andrews(BAL),7,11,106,15.1,18,0,1,0,0,0,0,1,16.6,16.6
2022,6,3,Hunter Henry(NE),4,7,61,15.3,31,1,1,0,0,0,0,1,12.1,12.1
2022,6,4,Travis Kelce(KC),8,10,108,13.5,25,2,0,1,4,0,0,1,11.2,11.2
2022,6,5,Greg Dulcich(NYG),2,3,44,22.0,39,1,1,0,0,0,0,1,10.4,10.4
2022,6,6,Jake Ferguson(DAL),4,6,40,10.0,22,1,1,0,0,0,0,1,10.0,10.0
2022,6,7,Daniel Bellinger(NYG),5,5,38,7.6,10,0,1,0,0,0,0,1,9.8,9.8
2022,6,8,Dawson Knox(BUF),3,3,37,12.3,20,1,1,0,0,0,0,1,9.7,9.7
2022,6,9,Robert Tonyan(KC),10,12,90,9.0,16,0,0,0,0,0,0,1,9.0,9.0
2022,6,10,Jelani Woods(IND),2,3,27,13.5,17,0,1,0,0,0,0,1,8.7,8.7
2022,6,11,George Kittle(SF),8,10,83,10.4,19,0,0,0,0,0,0,1,8.3,8.3
2022,6,12,Kyle Pitts(ATL),3,3,19,6.3,7,0,1,0,0,0,0,1,7.9,7.9
2022,6,13,Zach Ertz(WAS),7,10,70,10.0,32,1,0,0,0,0,0,1,7.0,7.0
2022,6,14,Irv Smith Jr.(HOU),4,4,7,1.8,4,0,1,0,0,0,0,1,6.7,6.7
2022,6,15,MyCole Pruitt(FA),1,1,2,2.0,2,0,1,0,0,0,0,1,6.2,6.2
2022,6,16,Jonnu Smith(PIT),2,2,61,30.5,53,1,0,0,0,0,0,1,6.1,6.1
2022,6,17,David Njoku(CLE),3,6,58,19.3,33,2,0,0,0,0,0,1,5.8,5.8
2022,6,18,Donald Parham Jr.(PIT),3,3,53,17.7,24,1,0,0,0,0,0,1,5.3,5.3
2022,6,19,Connor Heyward(PIT),2,3,49,24.5,45,1,0,0,0,0,0,1,4.9,4.9
2022,6,20,Taysom Hill(NO),0,0,0,0,0,0,0,5,39,0,0,1,4.5,4.5
2022,6,21,Noah Fant(SEA),6,7,45,7.5,15,0,0,0,0,0,0,1,4.5,4.5
2022,6,22,Juwan Johnson(NO),4,6,41,10.3,20,1,0,0,0,0,0,1,4.1,4.1
2022,6,23,Evan Engram(DEN),5,6,40,8.0,16,0,0,0,0,0,0,1,4.0,4.0
2022,6,24,Kylen Granson(PHI),4,4,38,9.5,17,0,0,0,0,0,0,1,3.8,3.8
2022,6,25,Isaiah Likely(BAL),2,4,30,15.0,19,0,0,0,0,0,0,1,3.0,3.0
2022,6,26,Gerald Everett(FA),5,7,29,5.8,9,0,0,0,0,0,0,1,2.9,2.9
2022,6,27,Cole Turner(WAS),2,2,23,11.5,18,0,0,0,0,0,0,1,2.3,2.3
2022,6,28,Cade Otton(TB),2,3,23,11.5,17,0,0,0,0,0,0,1,2.3,2.3
2022,6,29,Ian Thomas(LV),2,2,22,11.0,16,0,0,0,0,0,0,1,2.2,2.2
2022,6,30,Dallas Goedert(PHI),2,6,22,11.0,14,0,0,0,0,0,0,1,2.2,2.2
2022,6,31,Peyton Hendershot(FA),2,5,22,11.0,11,0,0,0,0,0,0,1,2.2,2.2
2022,6,32,Hayden Hurst(FA),3,3,21,7.0,9,0,0,0,0,0,0,1,2.1,2.1
2022,6,33,Jack Stoll(NO),1,1,21,21.0,21,1,0,0,0,0,0,1,2.1,2.1
2022,6,34,Josh Oliver(MIN),2,3,21,10.5,12,0,0,0,0,0,0,1,2.1,2.1
2022,6,35,Pharaoh Brown(MIA),2,3,21,10.5,11,0,0,0,0,0,0,1,2.1,2.1
2022,6,36,Harrison Bryant(PHI),3,4,18,6.0,7,0,0,0,0,0,0,1,1.8,1.8
2022,6,37,Tyler Conklin(LAC),1,2,16,16.0,16,0,0,1,1,0,0,1,1.7,1.7
2022,6,38,C.J. Uzomah(FA),2,2,17,8.5,14,0,0,0,0,0,0,1,1.7,1.7
2022,6,39,Eric Tomlinson(FA),1,1,16,16.0,16,0,0,0,0,0,0,1,1.6,1.6
2022,6,40,Cole Kmet(CHI),1,3,15,15.0,15,0,0,0,0,0,0,1,1.5,1.5
2022,6,41,Cameron Brate(FA),2,3,14,7.0,8,0,0,0,0,0,0,1,1.4,1.4
2022,6,42,Noah Gray(KC),3,3,13,4.3,7,0,0,0,0,0,0,1,1.3,1.3
2022,6,43,Will Dissly(LAC),1,1,12,12.0,12,0,0,0,0,0,0,1,1.2,1.2
2022,6,44,Colby Parkinson(LAR),2,2,11,5.5,7,0,0,0,0,0,0,1,1.1,1.1
2022,6,45,Luke Farrell(SF),1,1,11,11.0,11,0,0,0,0,0,0,1,1.1,1.1
2022,6,46,Sean McKeon(IND),1,1,10,10.0,10,0,0,0,0,0,0,1,1.0,1.0
2022,6,47,Josiah Deguara(ARI),1,1,9,9.0,9,0,0,0,0,0,0,1,0.9,0.9
2022,6,48,Adam Trautman(DEN),1,1,8,8.0,8,0,0,0,0,0,0,1,0.8,0.8
2022,6,49,Tommy Sweeney(FA),1,1,7,7.0,7,0,0,0,0,0,0,1,0.7,0.7
2022,6,50,Andrew Beck(NYJ),1,1,7,7.0,7,0,0,0,0,0,0,1,0.7,0.7
2022,6,51,Tyler Higbee(LAR),1,2,7,7.0,7,0,0,0,0,0,0,1,0.7,0.7
2022,6,52,Zach Gentry(FA),1,1,4,4.0,4,0,0,0,0,0,0,1,0.4,0.4
2022,6,53,Johnny Mundt(JAC),2,2,1,0.5,1,0,0,0,0,0,0,1,0.1,0.1
2022,6,54,Tre' McKitty(FA),0,0,0,0,0,0,0,0,0,0,0,1,0.0,0.0
2022,6,55,Quintin Morris(JAC),0,0,0,0,0,0,0,0,0,0,0,1,0.0,0.0
2022,6,56,Hunter Long(JAC),0,0,0,0,0,0,0,0,0,0,0,1,0.0,0.0
2022,6,57,Trey McBride(ARI),0,0,0,0,0,0,0,0,0,0,0,1,0.0,0.0
2022,6,58,Stephen Sullivan(CAR),0,0,0,0,0,0,0,0,0,0,0,1,0.0,0.0
2022,6,59,Charlie Woerner(ATL),0,1,0,0,0,0,0,0,0,0,0,1,0.0,0.0
2022,6,60,Devin Asiasi(FA),0,0,0,0,0,0,0,0,0,0,0,1,0.0,0.0
2022,6,61,Mitchell Fraboni(DEN),0,0,0,0,0,0,0,0,0,0,0,1,0.0,0.0
2022,6,62,Tanner Conner(MIA),0,2,0,0,0,0,0,0,0,0,0,1,0.0,0.0
2022,6,63,Armani Rogers(FA),0,0,0,0,0,0,0,0,0,0,0,1,0.0,0.0
2022,6,64,Ko Kieft(TB),0,0,0,0,0,0,0,0,0,0,0,1,0.0,0.0
2022,6,65,Ryan Griffin(FA),0,1,0,0,0,0,0,0,0,0,0,1,0.0,0.0
2022,6,66,Chris Manhertz(NYG),0,0,0,0,0,0,0,0,0,0,0,1,0.0,0.0
2022,7,1,George Kittle(SF),6,9,98,16.3,34,1,1,0,0,0,0,1,15.8,15.8
2022,7,2,Juwan Johnson(NO),5,5,32,6.4,17,0,2,0,0,0,0,1,15.2,15.2
2022,7,3,Travis Kelce(KC),6,8,98,16.3,27,2,0,0,0,0,0,1,9.8,9.8
2022,7,4,Taysom Hill(NO),1,1,3,3.0,3,0,1,3,9,0,0,1,9.1,9.1
2022,7,5,Tommy Tremble(CAR),1,1,29,29.0,29,1,1,0,0,0,0,1,8.9,8.9
2022,7,6,Pat Freiermuth(PIT),8,9,75,9.4,21,1,0,0,0,0,0,1,7.5,7.5
2022,7,7,David Njoku(CLE),7,7,71,10.1,22,1,0,0,0,0,0,1,7.1,7.1
2022,7,8,Jordan Akins(FA),3,4,68,22.7,39,1,0,0,0,0,0,1,6.8,6.8
2022,7,9,Evan Engram(DEN),4,7,67,16.8,28,1,0,0,0,0,0,1,6.7,6.7
2022,7,10,Peyton Hendershot(FA),2,2,5,2.5,3,0,1,0,0,0,0,1,6.5,6.5
2022,7,11,Cade Otton(TB),4,5,64,16.0,35,1,0,0,0,0,0,1,6.4,6.4
2022,7,12,Gerald Everett(FA),5,9,63,12.6,24,1,0,0,0,0,0,1,6.3,6.3
2022,7,13,Brock Wright(DET),4,4,57,14.3,23,1,0,0,0,0,0,1,5.7,5.7
2022,7,14,Austin Hooper(NE),3,3,56,18.7,23,1,0,0,0,0,0,1,5.6,5.6
2022,7,15,Greg Dulcich(NYG),6,9,51,8.5,16,0,0,0,0,0,0,1,5.1,5.1
2022,7,16,Dalton Schultz(HOU),5,5,49,9.8,15,0,0,0,0,0,0,1,4.9,4.9
2022,7,17,T.J. Hockenson(MIN),4,5,48,12.0,16,0,0,0,0,0,0,1,4.8,4.8
2022,7,18,Hayden Hurst(FA),6,8,48,8.0,14,0,0,0,0,0,0,1,4.8,4.8
2022,7,19,Will Dissly(LAC),4,4,45,11.3,16,0,0,0,0,0,0,1,4.5,4.5
2022,7,20,Zach Ertz(WAS),2,4,21,10.5,15,0,0,0,0,0,0,1,4.1,4.1
2022,7,21,Cole Kmet(CHI),2,3,32,16.0,26,1,0,0,0,0,0,1,3.2,3.2
2022,7,22,Robert Tonyan(KC),3,4,32,10.7,19,0,0,0,0,0,0,1,3.2,3.2
2022,7,23,Colby Parkinson(LAR),1,1,28,28.0,28,1,0,0,0,0,0,1,2.8,2.8
2022,7,24,Foster Moreau(NO),3,5,28,9.3,17,0,0,0,0,0,0,1,2.8,2.8
2022,7,25,Armani Rogers(FA),3,3,28,9.3,17,0,0,0,0,0,0,1,2.8,2.8
2022,7,26,Mike Gesicki(CIN),3,7,27,9.0,18,0,0,0,0,0,0,1,2.7,2.7
2022,7,27,Dan Arnold(FA),1,1,24,24.0,24,1,0,0,0,0,0,1,2.4,2.4
2022,7,28,Tyler Conklin(LAC),4,6,22,5.5,8,0,0,0,0,0,0,1,2.2,2.2
2022,7,29,Chris Myarick(FA),2,2,21,10.5,11,0,0,0,0,0,0,1,2.1,2.1
2022,7,30,Eric Tomlinson(FA),2,2,21,10.5,13,0,0,0,0,0,0,1,2.1,2.1
2022,7,31,Ko Kieft(TB),1,1,18,18.0,18,0,0,0,0,0,0,1,1.8,1.8
2022,7,32,Isaiah Likely(BAL),1,1,16,16.0,16,0,0,0,0,0,0,1,1.6,1.6
2022,7,33,Harrison Bryant(PHI),2,2,15,7.5,14,0,0,0,0,0,0,1,1.5,1.5
2022,7,34,Mitchell Wilcox(FA),2,2,14,7.0,8,0,0,0,0,0,0,1,1.4,1.4
2022,7,35,Daniel Bellinger(NYG),1,1,13,13.0,13,0,0,0,0,0,0,1,1.3,1.3
2022,7,36,Hunter Henry(NE),1,2,12,12.0,12,0,0,0,0,0,0,1,1.2,1.2
2022,7,37,Noah Gray(KC),1,1,10,10.0,10,0,0,0,0,0,0,1,1.0,1.0
2022,7,38,Kyle Pitts(ATL),3,5,9,3.0,7,0,0,0,0,0,0,1,0.9,0.9
2022,7,39,Kyle Rudolph(FA),1,1,8,8.0,8,0,0,0,0,0,0,1,0.8,0.8
2022,7,40,Jody Fortson Jr.(FA),1,2,8,8.0,8,0,0,0,0,0,0,1,0.8,0.8
2022,7,41,Jake Ferguson(DAL),1,1,7,7.0,7,0,0,0,0,0,0,1,0.7,0.7
2022,7,42,Noah Fant(SEA),1,3,7,7.0,7,0,0,0,0,0,0,1,0.7,0.7
2022,7,43,Connor Heyward(PIT),1,1,6,6.0,6,0,0,0,0,0,0,1,0.6,0.6
2022,7,44,Kylen Granson(PHI),1,1,6,6.0,6,0,0,0,0,0,0,1,0.6,0.6
2022,7,45,Ryan Griffin(FA),1,1,5,5.0,5,0,0,0,0,0,0,1,0.5,0.5
2022,7,46,C.J. Uzomah(FA),1,2,5,5.0,5,0,0,0,0,0,0,1,0.5,0.5
2022,7,47,Jelani Woods(IND),1,2,4,4.0,4,0,0,0,0,0,0,1,0.4,0.4
2022,7,48,Jonnu Smith(PIT),1,3,4,4.0,4,0,0,0,0,0,0,1,0.4,0.4
2022,7,49,Mark Andrews(BAL),0,2,0,0,0,0,0,1,4,0,0,1,0.4,0.4
2022,7,50,Ian Thomas(LV),1,1,3,3.0,3,0,0,0,0,0,0,1,0.3,0.3
2022,7,51,Tre' McKitty(FA),0,0,0,0,0,0,0,0,0,0,0,1,0.0,0.0
2022,7,52,Trey McBride(ARI),0,0,0,0,0,0,0,0,0,0,0,1,0.0,0.0
2022,7,53,Tyler Davis(FA),0,0,0,0,0,0,0,0,0,0,0,1,0.0,0.0
2022,7,54,Giovanni Ricci(MIN),0,0,0,0,0,0,0,0,0,0,0,1,0.0,0.0
2022,7,55,Feleipe Franks(ATL),0,0,0,0,0,0,0,0,0,0,0,1,0.0,0.0
2022,7,56,Brevin Jordan(HOU),0,4,0,0,0,0,0,0,0,0,0,1,0.0,0.0
2022,7,57,Cole Turner(WAS),0,2,0,0,0,0,0,0,0,0,0,1,0.0,0.0
2022,7,58,Chig Okonkwo(TEN),0,1,0,0,0,0,0,0,0,0,0,1,0.0,0.0
2022,7,59,Andrew Beck(NYJ),0,1,0,0,0,0,0,0,0,0,0,1,0.0,0.0
2022,7,60,Zach Gentry(FA),2,2,0,0.0,4,0,0,0,0,0,0,1,0.0,0.0
2022,7,61,Pharaoh Brown(MIA),0,0,0,0,0,0,0,0,0,0,0,1,0.0,0.0
2022,7,62,Eric Saubert(SEA),0,1,0,0,0,0,0,0,0,0,0,1,0.0,0.0
2022,7,63,N'Keal Harry(FA),1,1,14,14.0,14,0,0,0,0,0,0,1,0.0,0.0
2022,7,64,Josh Oliver(MIN),0,1,0,0,0,0,0,0,0,0,0,1,0.0,0.0
2022,7,65,Tanner Hudson(CIN),0,1,0,0,0,0,0,0,0,0,0,1,0.0,0.0
2022,7,66,Kevin Rader(FA),0,0,0,0,0,0,0,0,0,0,0,1,0.0,0.0
2022,7,67,Chris Manhertz(NYG),0,0,0,0,0,0,0,0,0,0,0,1,0.0,0.0
2022,7,68,Geoff Swaim(FA),0,1,0,0,0,0,0,0,0,0,0,1,0.0,0.0
2022,7,69,Stephen Anderson(FA),0,0,0,0,0,0,0,0,0,0,0,1,0.0,0.0
2022,7,70,James Winchester(KC),0,0,0,0,0,0,0,0,0,0,0,1,0.0,0.0
2022,8,1,Tyler Conklin(LAC),6,10,79,13.2,27,1,2,0,0,0,0,1,19.9,19.9
2022,8,2,Kyle Pitts(ATL),5,9,80,16.0,33,2,1,0,0,0,0,1,14.0,14.0
2022,8,3,Isaiah Likely(BAL),6,7,77,12.8,17,0,1,0,0,0,0,1,13.7,13.7
2022,8,4,Evan Engram(DEN),4,6,55,13.8,22,1,1,0,0,0,0,1,11.5,11.5
2022,8,5,George Kittle(SF),3,5,39,13.0,23,1,1,0,0,0,0,1,9.9,9.9
2022,8,6,Mike Gesicki(CIN),3,4,38,12.7,20,1,1,0,0,0,0,1,9.8,9.8
2022,8,7,Zach Ertz(WAS),4,5,34,8.5,13,0,1,0,0,0,0,1,9.4,9.4
2022,8,8,Greg Dulcich(NYG),4,5,87,21.8,38,2,0,0,0,0,0,1,8.7,8.7
2022,8,9,T.J. Hockenson(MIN),3,4,80,26.7,58,1,0,0,0,0,0,1,8.0,8.0
2022,8,10,Dalton Schultz(HOU),6,7,74,12.3,30,1,0,0,0,0,0,1,7.4,7.4
2022,8,11,Taysom Hill(NO),1,2,11,11.0,11,0,0,10,61,0,0,1,7.3,7.3
2022,8,12,Cole Kmet(CHI),2,2,11,5.5,10,0,1,0,0,0,0,1,7.1,7.1
2022,8,13,Dawson Knox(BUF),2,3,10,5.0,9,0,1,0,0,0,0,1,7.0,7.0
2022,8,14,Dallas Goedert(PHI),6,6,64,10.7,17,0,0,0,0,0,0,1,6.4,6.4
2022,8,15,Johnny Mundt(JAC),1,1,1,1.0,1,0,1,0,0,0,0,1,6.1,6.1
2022,8,16,Jake Ferguson(DAL),1,1,1,1.0,1,0,1,0,0,0,0,1,6.1,6.1
2022,8,17,Tanner Hudson(CIN),3,5,58,19.3,27,1,0,0,0,0,0,1,5.8,5.8
2022,8,18,Pat Freiermuth(PIT),4,7,57,14.3,21,1,0,0,0,0,0,1,5.7,5.7
2022,8,19,Ross Dwelley(SF),1,1,56,56.0,56,1,0,0,0,0,0,1,5.6,5.6
2022,8,20,Hayden Hurst(FA),4,4,42,10.5,21,1,0,0,0,0,0,1,4.2,4.2
2022,8,21,Robert Tonyan(KC),5,6,35,7.0,15,0,0,0,0,0,0,1,3.5,3.5
2022,8,22,Stephen Sullivan(CAR),1,2,33,33.0,33,1,0,0,0,0,0,1,3.3,3.3
2022,8,23,Mark Andrews(BAL),3,5,33,11.0,22,1,0,0,0,0,0,1,3.3,3.3
2022,8,24,Foster Moreau(NO),6,9,31,5.2,12,0,0,0,0,0,0,1,3.1,3.1
2022,8,25,Irv Smith Jr.(HOU),4,4,28,7.0,11,0,0,0,0,0,0,1,2.8,2.8
2022,8,26,C.J. Uzomah(FA),1,1,27,27.0,27,1,0,0,0,0,0,1,2.7,2.7
2022,8,27,O.J. Howard(FA),2,3,24,12.0,24,1,0,0,0,0,0,1,2.4,2.4
2022,8,28,Hunter Henry(NE),1,1,22,22.0,22,1,0,0,0,0,0,1,2.2,2.2
2022,8,29,Brevin Jordan(HOU),2,5,19,9.5,16,0,0,0,0,0,0,1,1.9,1.9
2022,8,30,Noah Fant(SEA),2,2,19,9.5,16,0,0,0,0,0,0,1,1.9,1.9
2022,8,31,Tommy Tremble(CAR),2,4,17,8.5,9,0,0,0,0,0,0,1,1.7,1.7
2022,8,32,Peyton Hendershot(FA),2,2,15,7.5,11,0,0,0,0,0,0,1,1.5,1.5
2022,8,33,Tyler Higbee(LAR),2,6,15,7.5,10,0,0,0,0,0,0,1,1.5,1.5
2022,8,34,Cade Otton(TB),2,5,15,7.5,10,0,0,0,0,0,0,1,1.5,1.5
2022,8,35,James Mitchell(CAR),1,1,14,14.0,14,0,0,0,0,0,0,1,1.4,1.4
2022,8,36,Juwan Johnson(NO),2,4,14,7.0,8,0,0,0,0,0,0,1,1.4,1.4
2022,8,37,Armani Rogers(FA),1,2,13,13.0,13,0,0,0,0,0,0,1,1.3,1.3
2022,8,38,Will Dissly(LAC),2,2,12,6.0,9,0,0,0,0,0,0,1,1.2,1.2
2022,8,39,Kylen Granson(PHI),3,3,11,3.7,15,0,0,0,0,0,0,1,1.1,1.1
2022,8,40,Jonnu Smith(PIT),3,4,10,3.3,7,0,0,0,0,0,0,1,1.0,1.0
2022,8,41,Chris Myarick(FA),1,1,10,10.0,10,0,0,0,0,0,0,1,1.0,1.0
2022,8,42,Josiah Deguara(ARI),1,1,9,9.0,9,0,0,0,0,0,0,1,0.9,0.9
2022,8,43,Parker Hesse(FA),1,1,9,9.0,9,0,0,0,0,0,0,1,0.9,0.9
2022,8,44,Ko Kieft(TB),1,1,9,9.0,9,0,0,0,0,0,0,1,0.9,0.9
2022,8,45,Nick Vannett(FA),1,1,8,8.0,8,0,0,0,0,0,0,1,0.8,0.8
2022,8,46,Dan Arnold(FA),1,1,8,8.0,8,0,0,0,0,0,0,1,0.8,0.8
2022,8,47,John Bates(WAS),1,1,6,6.0,6,0,0,0,0,0,0,1,0.6,0.6
2022,8,48,Tyler Kroft(FA),1,1,6,6.0,6,0,0,0,0,0,0,1,0.6,0.6
2022,8,49,Brock Wright(DET),1,1,6,6.0,6,0,0,0,0,0,0,1,0.6,0.6
2022,8,50,Colby Parkinson(LAR),1,1,5,5.0,5,0,0,0,0,0,0,1,0.5,0.5
2022,8,51,Jordan Akins(FA),1,2,5,5.0,5,0,0,0,0,0,0,1,0.5,0.5
2022,8,52,Austin Hooper(NE),1,1,5,5.0,5,0,0,0,0,0,0,1,0.5,0.5
2022,8,53,Josh Oliver(MIN),1,1,4,4.0,4,0,0,0,0,0,0,1,0.4,0.4
2022,8,54,Chig Okonkwo(TEN),1,2,3,3.0,3,0,0,0,0,0,0,1,0.3,0.3
2022,8,55,Mitchell Wilcox(FA),1,1,3,3.0,3,0,0,0,0,0,0,1,0.3,0.3
2022,8,56,Zach Gentry(FA),1,1,3,3.0,3,0,0,0,0,0,0,1,0.3,0.3
2022,8,57,Ian Thomas(LV),1,1,2,2.0,2,0,0,0,0,0,0,1,0.2,0.2
2022,8,58,Hunter Long(JAC),0,0,0,0,0,0,0,0,0,0,0,1,0.0,0.0
2022,8,59,Trey McBride(ARI),0,0,0,0,0,0,0,0,0,0,0,1,0.0,0.0
2022,8,60,Lawrence Cager(WAS),0,1,0,0,0,0,0,0,0,0,0,1,0.0,0.0
2022,8,61,Giovanni Ricci(MIN),0,0,0,0,0,0,0,0,0,0,0,1,0.0,0.0
2022,8,62,Mitchell Fraboni(DEN),0,0,0,0,0,0,0,0,0,0,0,1,0.0,0.0
2022,8,63,Jared Pinkney(FA),0,0,0,0,0,0,0,0,0,0,0,1,0.0,0.0
2022,8,64,Feleipe Franks(ATL),0,0,0,0,0,0,0,0,0,0,0,1,0.0,0.0
2022,8,65,Jack Stoll(NO),0,1,0,0,0,0,0,0,0,0,0,1,0.0,0.0
2022,8,66,Connor Heyward(PIT),0,0,0,0,0,0,0,0,0,0,0,1,0.0,0.0
2022,8,67,Kyle Rudolph(FA),0,1,0,0,0,0,0,0,0,0,0,1,0.0,0.0
2022,8,68,Eric Saubert(SEA),0,0,0,0,0,0,0,0,0,0,0,1,0.0,0.0
2022,8,69,Pharaoh Brown(MIA),0,0,0,0,0,0,0,0,0,0,0,1,0.0,0.0
2022,8,70,Mo Alie-Cox(IND),0,1,0,0,0,0,0,0,0,0,0,1,0.0,0.0
2022,8,71,N'Keal Harry(FA),2,2,24,12.0,17,0,1,0,0,0,0,1,0.0,0.0
2022,8,72,Trevon Wesco(FA),0,0,0,0,0,0,0,0,0,0,0,1,0.0,0.0
2022,8,73,Jesper Horsted(FA),0,1,0,0,0,0,0,0,0,0,0,1,0.0,0.0
2022,8,74,Darren Waller(MIA),0,0,0,0,0,0,0,0,0,0,0,1,0.0,0.0
2022,8,75,Patrick Scales(FA),0,0,0,0,0,0,0,0,0,0,0,1,0.0,0.0
2022,8,76,Eric Tomlinson(FA),0,0,0,0,0,0,0,0,0,0,0,1,0.0,0.0
2022,8,77,Chris Manhertz(NYG),1,1,-1,-1.0,0,0,0,0,0,0,0,1,-0.1,-0.1
2022,9,1,Cole Kmet(CHI),5,6,41,8.2,18,0,2,2,9,0,0,1,17.0,17.0
2022,9,2,Dallas Goedert(PHI),8,9,100,12.5,21,1,1,0,0,0,0,1,16.0,16.0
2022,9,3,Cade Otton(TB),5,6,68,13.6,28,1,1,0,0,0,0,1,12.8,12.8
2022,9,4,Travis Kelce(KC),10,17,106,10.6,23,1,0,0,0,0,0,1,10.6,10.6
2022,9,5,Juwan Johnson(NO),2,2,42,21.0,41,1,1,0,0,0,0,1,10.2,10.2
2022,9,6,Zach Ertz(WAS),5,8,40,8.0,14,0,1,0,0,0,0,1,10.0,10.0
2022,9,7,Noah Fant(SEA),5,6,96,19.2,51,1,0,0,0,0,0,1,9.6,9.6
2022,9,8,Isaiah Likely(BAL),1,5,24,24.0,24,1,1,0,0,0,0,1,8.4,8.4
2022,9,9,T.J. Hockenson(MIN),9,9,70,7.8,19,0,0,0,0,0,0,1,7.0,7.0
2022,9,10,James Mitchell(CAR),2,2,8,4.0,5,0,1,0,0,0,0,1,6.8,6.8
2022,9,11,Teagan Quitoriano(ATL),1,1,2,2.0,2,0,1,0,0,0,0,1,6.2,6.2
2022,9,12,Shane Zylstra(DET),1,1,1,1.0,1,0,1,0,0,0,0,1,6.1,6.1
2022,9,13,Tommy Tremble(CAR),2,4,11,5.5,8,0,1,0,0,0,1,1,5.1,5.1
2022,9,14,Hunter Henry(NE),4,4,50,12.5,30,1,0,0,0,0,0,1,5.0,5.0
2022,9,15,Chig Okonkwo(TEN),1,3,48,48.0,48,1,0,0,0,0,0,1,4.8,4.8
2022,9,16,Noah Gray(KC),3,3,45,15.0,27,1,0,0,0,0,0,1,4.5,4.5
2022,9,17,Josiah Deguara(ARI),5,5,41,8.2,25,1,0,0,0,0,0,1,4.1,4.1
2022,9,18,Gerald Everett(FA),5,8,36,7.2,16,0,0,1,0,0,0,1,3.6,3.6
2022,9,19,Hayden Hurst(FA),5,5,35,7.0,13,0,0,0,0,0,0,1,3.5,3.5
2022,9,20,Austin Hooper(NE),2,3,34,17.0,18,0,0,0,0,0,0,1,3.4,3.4
2022,9,21,Robert Tonyan(KC),3,4,29,9.7,17,0,0,0,0,0,0,1,2.9,2.9
2022,9,22,Kyle Pitts(ATL),2,7,27,13.5,18,0,0,0,0,0,0,1,2.7,2.7
2022,9,23,Dawson Knox(BUF),3,4,25,8.3,17,0,0,0,0,0,0,1,2.5,2.5
2022,9,24,Armani Rogers(FA),0,0,0,0,0,0,0,1,24,0,0,1,2.4,2.4
2022,9,25,Foster Moreau(NO),2,5,42,21.0,30,1,0,0,2,0,1,1,2.4,2.4
2022,9,26,Will Dissly(LAC),3,4,24,8.0,13,0,0,0,0,0,0,1,2.4,2.4
2022,9,27,Jonnu Smith(PIT),3,3,21,7.0,24,1,0,0,0,0,0,1,2.1,2.1
2022,9,28,Trevon Wesco(FA),0,0,0,0,0,0,0,0,0,0,0,1,2.0,2.0
2022,9,29,Marcedes Lewis(FA),1,1,19,19.0,19,0,0,0,0,0,0,1,1.9,1.9
2022,9,30,Josh Oliver(MIN),1,3,19,19.0,19,0,0,0,0,0,0,1,1.9,1.9
2022,9,31,Dan Arnold(FA),1,1,19,19.0,19,0,0,0,0,0,0,1,1.9,1.9
2022,9,32,C.J. Uzomah(FA),3,3,16,5.3,6,0,0,0,0,0,0,1,1.6,1.6
2022,9,33,Luke Farrell(SF),1,1,15,15.0,15,0,0,0,0,0,0,1,1.5,1.5
2022,9,34,O.J. Howard(FA),1,2,14,14.0,14,0,0,0,0,0,0,1,1.4,1.4
2022,9,35,Jack Stoll(NO),1,2,13,13.0,13,0,0,0,0,0,0,1,1.3,1.3
2022,9,36,Mo Alie-Cox(IND),2,2,13,6.5,8,0,0,0,0,0,0,1,1.3,1.3
2022,9,37,Taysom Hill(NO),0,1,0,0,0,0,0,1,6,0,0,1,1.1,1.1
2022,9,38,Adam Trautman(DEN),1,1,8,8.0,8,0,0,0,0,0,0,1,0.8,0.8
2022,9,39,Giovanni Ricci(MIN),1,1,8,8.0,8,0,0,0,0,0,0,1,0.8,0.8
2022,9,40,Evan Engram(DEN),1,2,8,8.0,8,0,0,0,0,0,0,1,0.8,0.8
2022,9,41,Chris Manhertz(NYG),1,2,7,7.0,7,0,0,0,0,0,0,1,0.7,0.7
2022,9,42,Tyler Conklin(LAC),1,2,7,7.0,7,0,0,0,0,0,0,1,0.7,0.7
2022,9,43,Colby Parkinson(LAR),2,2,6,3.0,10,0,0,0,0,0,0,1,0.6,0.6
2022,9,44,MyCole Pruitt(FA),1,1,6,6.0,6,0,0,0,0,0,0,1,0.6,0.6
2022,9,45,Ko Kieft(TB),1,2,6,6.0,6,0,0,0,0,0,0,1,0.6,0.6
2022,9,46,Brevin Jordan(HOU),1,2,5,5.0,5,0,0,0,0,0,0,1,0.5,0.5
2022,9,47,John Bates(WAS),1,2,5,5.0,5,0,0,0,0,0,0,1,0.5,0.5
2022,9,48,Mike Gesicki(CIN),1,2,3,3.0,3,0,0,0,0,0,0,1,0.3,0.3
2022,9,49,Jelani Woods(IND),1,3,2,2.0,2,0,0,0,0,0,0,1,0.2,0.2
2022,9,50,Johnny Mundt(JAC),1,1,1,1.0,1,0,0,0,0,0,0,1,0.1,0.1
2022,9,51,Kylen Granson(PHI),0,1,0,0,0,0,0,1,0,0,0,1,0.0,0.0
2022,9,52,Devin Asiasi(FA),0,1,0,0,0,0,0,0,0,0,0,1,0.0,0.0
2022,9,53,Brycen Hopkins(FA),0,1,0,0,0,0,0,0,0,0,0,1,0.0,0.0
2022,9,54,Brock Wright(DET),0,1,0,0,0,0,0,0,0,0,0,1,0.0,0.0
2022,9,55,Richard Rodgers(FA),0,2,0,0,0,0,0,0,0,0,0,1,0.0,0.0
2022,9,56,Logan Thomas(FA),0,3,0,0,0,0,0,0,0,0,0,1,0.0,0.0
2022,9,57,N'Keal Harry(FA),1,2,6,6.0,6,0,0,0,0,0,0,1,0.0,0.0
2022,9,58,Durham Smythe(CHI),0,2,0,0,0,0,0,0,0,0,0,1,0.0,0.0
2022,9,59,Jordan Akins(FA),0,1,0,0,0,0,0,0,0,0,0,1,0.0,0.0
2022,9,60,Tyler Higbee(LAR),0,1,0,0,0,0,0,0,0,0,0,1,0.0,0.0
2022,9,61,Andrew DePaola(MIN),0,0,0,0,0,0,0,0,0,0,0,1,0.0,0.0
2022,9,62,James Winchester(KC),0,0,0,0,0,0,0,0,0,0,0,1,0.0,0.0
2022,10,1,Cole Kmet(CHI),4,7,74,18.5,50,1,2,0,0,0,0,1,19.4,19.4
2022,10,2,Travis Kelce(KC),6,7,81,13.5,46,1,1,0,0,0,0,1,14.1,14.1
2022,10,3,Dalton Schultz(HOU),6,8,54,9.0,16,0,1,0,0,0,0,1,11.4,11.4
2022,10,4,Juwan Johnson(NO),5,7,44,8.8,15,0,1,0,0,0,0,1,10.4,10.4
2022,10,5,Foster Moreau(NO),3,4,43,14.3,21,1,1,0,0,0,0,1,10.3,10.3
2022,10,6,Noah Gray(KC),2,2,20,10.0,13,0,1,0,0,0,0,1,8.0,8.0
2022,10,7,Harrison Bryant(PHI),3,3,15,5.0,12,0,1,0,0,0,0,1,7.5,7.5
2022,10,8,Tyler Higbee(LAR),8,8,73,9.1,25,1,0,0,0,0,0,1,7.3,7.3
2022,10,9,Jordan Akins(FA),3,3,72,24.0,46,1,0,0,0,0,0,1,7.2,7.2
2022,10,10,Dallas Goedert(PHI),3,3,23,7.7,15,0,1,0,0,0,1,1,6.3,6.3
2022,10,11,Brock Wright(DET),1,1,2,2.0,2,0,1,0,0,0,0,1,6.2,6.2
2022,10,12,Kylen Granson(PHI),4,4,57,14.3,32,1,0,0,0,0,0,1,5.7,5.7
2022,10,13,Dawson Knox(BUF),4,6,57,14.3,22,1,0,0,0,0,0,1,5.7,5.7
2022,10,14,T.J. Hockenson(MIN),7,10,45,6.4,16,0,0,0,0,0,0,1,4.5,4.5
2022,10,15,Austin Hooper(NE),5,7,41,8.2,17,0,0,0,0,0,0,1,4.1,4.1
2022,10,16,Chig Okonkwo(TEN),1,2,41,41.0,41,1,0,0,0,0,0,1,4.1,4.1
2022,10,17,Pat Freiermuth(PIT),4,7,36,9.0,12,0,0,0,0,0,0,1,3.6,3.6
2022,10,18,Cade Otton(TB),3,3,35,11.7,25,1,0,0,0,0,0,1,3.5,3.5
2022,10,19,Noah Fant(SEA),3,4,34,11.3,15,0,0,0,0,0,0,1,3.4,3.4
2022,10,20,Mike Gesicki(CIN),2,3,31,15.5,16,0,0,0,0,0,0,1,3.1,3.1
2022,10,21,Will Dissly(LAC),2,2,28,14.0,15,0,0,0,0,0,0,1,2.8,2.8
2022,10,22,Kyle Pitts(ATL),2,8,28,14.0,18,0,0,0,0,0,0,1,2.8,2.8
2022,10,23,Tanner Hudson(CIN),3,3,24,8.0,16,0,0,0,0,0,0,1,2.4,2.4
2022,10,24,Gerald Everett(FA),2,2,23,11.5,17,0,0,0,0,0,0,1,2.3,2.3
2022,10,25,Adam Trautman(DEN),2,3,22,11.0,18,0,0,0,0,0,0,1,2.2,2.2
2022,10,26,Tre' McKitty(FA),3,6,21,7.0,9,0,0,0,0,0,0,1,2.1,2.1
2022,10,27,George Kittle(SF),1,2,21,21.0,21,1,0,0,0,0,0,1,2.1,2.1
2022,10,28,Evan Engram(DEN),3,4,14,4.7,7,0,0,0,0,0,0,1,1.4,1.4
2022,10,29,Pharaoh Brown(MIA),2,5,13,6.5,8,0,0,0,0,0,0,1,1.3,1.3
2022,10,30,Zach Ertz(WAS),1,1,12,12.0,12,0,0,0,0,0,0,1,1.2,1.2
2022,10,31,Eric Saubert(SEA),1,1,12,12.0,12,0,0,0,0,0,0,1,1.2,1.2
2022,10,32,Logan Thomas(FA),2,4,12,6.0,9,0,0,0,0,0,0,1,1.2,1.2
2022,10,33,Brycen Hopkins(FA),1,2,11,11.0,11,0,0,0,0,0,0,1,1.1,1.1
2022,10,34,Greg Dulcich(NYG),1,4,11,11.0,11,0,0,0,0,0,0,1,1.1,1.1
2022,10,35,Jack Stoll(NO),1,1,11,11.0,11,0,0,0,0,0,0,1,1.1,1.1
2022,10,36,Connor Heyward(PIT),2,2,9,4.5,8,0,0,0,0,0,0,1,0.9,0.9
2022,10,37,Robert Tonyan(KC),1,1,8,8.0,8,0,0,0,0,0,0,1,0.8,0.8
2022,10,38,Dan Arnold(FA),1,1,8,8.0,8,0,0,0,0,0,0,1,0.8,0.8
2022,10,39,Cameron Brate(FA),1,2,8,8.0,8,0,0,0,0,0,0,1,0.8,0.8
2022,10,40,Trey McBride(ARI),1,1,7,7.0,7,0,0,0,0,0,0,1,0.7,0.7
2022,10,41,Colby Parkinson(LAR),1,3,7,7.0,7,0,0,0,0,0,0,1,0.7,0.7
2022,10,42,MyCole Pruitt(FA),1,1,6,6.0,6,0,0,0,0,0,0,1,0.6,0.6
2022,10,43,James Mitchell(CAR),1,1,4,4.0,4,0,0,0,0,0,0,1,0.4,0.4
2022,10,44,Richard Rodgers(FA),1,1,4,4.0,4,0,0,0,0,0,0,1,0.4,0.4
2022,10,45,Giovanni Ricci(MIN),1,1,2,2.0,2,0,0,0,0,0,0,1,0.2,0.2
2022,10,46,Sean McKeon(IND),1,2,1,1.0,1,0,0,0,0,0,0,1,0.1,0.1
2022,10,47,Taysom Hill(NO),0,0,0,0,0,0,0,3,1,0,0,1,0.1,0.1
2022,10,48,Tommy Tremble(CAR),0,1,0,0,0,0,0,0,0,0,0,1,0.0,0.0
2022,10,49,Peyton Hendershot(FA),0,1,0,0,0,0,0,0,0,0,0,1,0.0,0.0
2022,10,50,Jared Pinkney(FA),0,0,0,0,0,0,0,0,0,0,0,1,0.0,0.0
2022,10,51,Lawrence Cager(WAS),2,2,9,4.5,9,0,1,0,0,0,0,1,0.0,0.0
2022,10,52,Mitchell Fraboni(DEN),0,0,0,0,0,0,0,0,0,0,0,1,0.0,0.0
2022,10,53,Chris Myarick(FA),0,1,0,0,0,0,0,0,0,0,0,1,0.0,0.0
2022,10,54,Parker Hesse(FA),0,0,0,0,0,0,0,0,0,0,0,1,0.0,0.0
2022,10,55,Shane Zylstra(DET),0,1,0,0,0,0,0,0,0,0,0,1,0.0,0.0
2022,10,56,Armani Rogers(FA),0,0,0,0,0,0,0,0,0,0,0,1,0.0,0.0
2022,10,57,Zach Gentry(FA),0,1,0,0,0,0,0,0,0,0,0,1,0.0,0.0
2022,10,58,Ryan Griffin(FA),0,0,0,0,0,0,0,0,0,0,0,1,0.0,0.0
2022,10,59,O.J. Howard(FA),0,1,0,0,0,0,0,0,0,0,0,1,0.0,0.0
2022,10,60,Trevon Wesco(FA),0,1,0,0,0,0,0,0,0,0,0,1,0.0,0.0
2022,10,61,Durham Smythe(CHI),0,0,0,0,0,0,0,1,0,0,0,1,0.0,0.0
2022,10,62,Kevin Rader(FA),0,0,0,0,0,0,0,0,0,0,0,1,0.0,0.0
2022,10,63,Geoff Swaim(FA),0,1,0,0,0,0,0,0,0,0,0,1,0.0,0.0
2022,10,64,Stephen Anderson(FA),0,1,0,0,0,0,0,0,0,0,0,1,0.0,0.0
2022,10,65,Eric Tomlinson(FA),0,1,0,0,0,0,0,0,0,0,0,1,0.0,0.0
2022,10,66,Andrew DePaola(MIN),0,0,0,0,0,0,0,0,0,0,0,1,0.0,0.0
2022,10,67,Patrick Scales(FA),0,0,0,0,0,0,0,0,0,0,0,1,0.0,0.0
2022,10,68,Beau Brinkley(FA),0,0,0,0,0,0,0,0,0,0,0,1,0.0,0.0
2022,10,69,Marcedes Lewis(FA),1,1,-1,-1.0,0,0,0,0,0,0,0,1,-0.1,-0.1
2022,10,70,Jody Fortson Jr.(FA),1,1,6,6.0,6,0,0,0,0,0,1,1,-1.4,-1.4
2022,11,1,Travis Kelce(KC),6,10,115,19.2,34,3,3,0,0,0,0,1,29.5,29.5
2022,11,2,George Kittle(SF),4,6,84,21.0,39,2,2,0,0,0,0,1,20.4,20.4
2022,11,3,Austin Hooper(NE),4,4,36,9.0,16,0,2,0,0,0,0,1,15.6,15.6
2022,11,4,Juwan Johnson(NO),3,4,47,15.7,26,1,1,0,0,0,0,1,10.7,10.7
2022,11,5,Pat Freiermuth(PIT),8,12,79,9.9,27,1,0,0,0,0,0,1,7.9,7.9
2022,11,6,Dawson Knox(BUF),7,7,70,10.0,23,1,0,0,0,0,0,1,7.0,7.0
2022,11,7,Taysom Hill(NO),1,1,8,8.0,8,0,0,9,52,0,0,1,6.6,6.6
2022,11,8,Logan Thomas(FA),5,6,65,13.0,19,0,0,0,0,0,0,1,6.5,6.5
2022,11,9,Mark Andrews(BAL),6,8,63,10.5,16,0,0,0,0,0,0,1,6.3,6.3
2022,11,10,Jody Fortson Jr.(FA),2,2,51,25.5,40,1,0,0,0,0,0,1,5.1,5.1
2022,11,11,Jonnu Smith(PIT),4,4,40,10.0,26,1,0,1,5,0,0,1,4.5,4.5
2022,11,12,Tyler Higbee(LAR),4,8,45,11.3,20,1,0,0,0,0,0,1,4.5,4.5
2022,11,13,Kyle Pitts(ATL),3,5,43,14.3,18,0,0,0,0,0,0,1,4.3,4.3
2022,11,14,Harrison Bryant(PHI),4,7,41,10.3,14,0,0,0,0,0,0,1,4.1,4.1
2022,11,15,Cole Kmet(CHI),3,4,35,11.7,24,1,0,0,0,0,0,1,3.5,3.5
2022,11,16,T.J. Hockenson(MIN),5,9,34,6.8,11,0,0,0,0,0,0,1,3.4,3.4
2022,11,17,Foster Moreau(NO),1,3,33,33.0,33,1,0,0,0,0,0,1,3.3,3.3
2022,11,18,Chig Okonkwo(TEN),1,2,31,31.0,31,1,0,0,0,0,0,1,3.1,3.1
2022,11,19,Greg Dulcich(NYG),4,5,30,7.5,15,0,0,0,0,0,0,1,3.0,3.0
2022,11,20,Hayden Hurst(FA),2,3,28,14.0,21,1,0,0,0,0,0,1,2.8,2.8
2022,11,21,Ian Thomas(LV),3,4,24,8.0,12,0,0,0,0,0,0,1,2.4,2.4
2022,11,22,Dalton Schultz(HOU),3,5,22,7.3,12,0,0,0,0,0,0,1,2.2,2.2
2022,11,23,Brock Wright(DET),2,2,20,10.0,16,0,0,0,0,0,0,1,2.0,2.0
2022,11,24,Hunter Henry(NE),1,1,20,20.0,20,1,0,0,0,0,0,1,2.0,2.0
2022,11,25,Robert Tonyan(KC),2,4,19,9.5,10,0,0,0,0,0,0,1,1.9,1.9
2022,11,26,MyCole Pruitt(FA),1,1,17,17.0,17,0,0,0,0,0,0,1,1.7,1.7
2022,11,27,David Njoku(CLE),2,3,17,8.5,21,1,0,0,0,0,0,1,1.7,1.7
2022,11,28,Eric Saubert(SEA),2,2,16,8.0,9,0,0,0,0,0,0,1,1.6,1.6
2022,11,29,Kylen Granson(PHI),1,1,16,16.0,16,0,0,0,0,0,0,1,1.6,1.6
2022,11,30,Tyler Conklin(LAC),2,3,15,7.5,8,0,0,0,0,0,0,1,1.5,1.5
2022,11,31,Noah Gray(KC),2,3,15,7.5,12,0,0,0,0,0,0,1,1.5,1.5
2022,11,32,Jake Ferguson(DAL),2,2,15,7.5,11,0,0,0,0,0,0,1,1.5,1.5
2022,11,33,Mo Alie-Cox(IND),1,1,14,14.0,14,0,0,0,0,0,0,1,1.4,1.4
2022,11,34,Trey McBride(ARI),4,4,14,3.5,6,0,0,0,0,0,0,1,1.4,1.4
2022,11,35,Adam Trautman(DEN),3,3,12,4.0,7,0,0,0,0,0,0,1,1.2,1.2
2022,11,36,O.J. Howard(FA),1,3,9,9.0,9,0,0,0,0,0,0,1,0.9,0.9
2022,11,37,Johnny Mundt(JAC),1,1,8,8.0,8,0,0,0,0,0,0,1,0.8,0.8
2022,11,38,Zach Gentry(FA),2,3,8,4.0,9,0,0,0,0,0,0,1,0.8,0.8
2022,11,39,Jordan Akins(FA),2,3,8,4.0,8,0,0,0,0,0,0,1,0.8,0.8
2022,11,40,Jack Stoll(NO),1,1,7,7.0,7,0,0,0,0,0,0,1,0.7,0.7
2022,11,41,Maxx Williams(FA),1,1,7,7.0,7,0,0,0,0,0,0,1,0.7,0.7
2022,11,42,Stone Smartt(NYJ),1,1,6,6.0,6,0,0,0,0,0,0,1,0.6,0.6
2022,11,43,Geoff Swaim(FA),1,1,3,3.0,3,0,0,0,0,0,0,1,0.3,0.3
2022,11,44,Josh Oliver(MIN),1,1,2,2.0,2,0,0,0,0,0,0,1,0.2,0.2
2022,11,45,Isaiah Likely(BAL),1,3,1,1.0,1,0,0,0,0,0,0,1,0.1,0.1
2022,11,46,John Bates(WAS),0,1,0,0,0,0,0,0,0,0,0,1,0.0,0.0
2022,11,47,Tommy Tremble(CAR),0,0,0,0,0,0,0,0,0,0,0,1,0.0,0.0
2022,11,48,Devin Asiasi(FA),0,0,0,0,0,0,0,0,0,0,0,1,0.0,0.0
2022,11,49,Lawrence Cager(WAS),2,3,20,10.0,13,0,0,0,0,0,0,1,0.0,0.0
2022,11,50,Cole Turner(WAS),0,1,0,0,0,0,0,0,0,0,0,1,0.0,0.0
2022,11,51,Grant Calcaterra(PHI),0,0,0,0,0,0,0,0,0,0,0,1,0.0,0.0
2022,11,52,Teagan Quitoriano(ATL),0,1,0,0,0,0,0,0,0,0,0,1,0.0,0.0
2022,11,53,Jacob Harris(FA),0,0,0,0,0,0,0,0,0,0,0,1,0.0,0.0
2022,11,54,Ben Mason(FA),0,0,0,0,0,0,0,0,0,0,0,1,0.0,0.0
2022,11,55,Connor Heyward(PIT),0,0,0,0,0,0,0,0,0,0,0,1,0.0,0.0
2022,11,56,Ryan Griffin(FA),0,0,0,0,0,0,0,0,0,0,0,1,0.0,0.0
2022,11,57,Pharaoh Brown(MIA),0,1,0,0,0,0,0,0,0,0,0,1,0.0,0.0
2022,11,58,Tyree Jackson(WAS),0,0,0,0,0,0,0,0,0,0,0,1,0.0,0.0
2022,11,59,Jesper Horsted(FA),0,0,0,0,0,0,0,0,0,0,0,1,0.0,0.0
2022,11,60,C.J. Uzomah(FA),0,0,0,0,0,0,0,0,0,0,0,1,0.0,0.0
2022,11,61,Stephen Anderson(FA),0,1,0,0,0,0,0,0,0,0,0,1,0.0,0.0
2022,11,62,Andrew DePaola(MIN),0,0,0,0,0,0,0,0,0,0,0,1,0.0,0.0
2022,11,63,Peyton Hendershot(FA),1,1,-2,-2.0,0,0,0,0,0,0,0,1,-0.2,-0.2
2022,12,1,Dalton Schultz(HOU),4,4,31,7.8,15,0,2,0,0,0,0,1,15.1,15.1
2022,12,2,Josh Oliver(MIN),4,6,76,19.0,40,1,1,0,0,0,0,1,13.6,13.6
2022,12,3,Hunter Henry(NE),3,5,63,21.0,37,2,1,0,0,0,0,1,12.3,12.3
2022,12,4,Travis Kelce(KC),4,8,57,14.3,39,1,1,0,0,0,0,1,11.7,11.7
2022,12,5,T.J. Hockenson(MIN),5,6,43,8.6,14,0,1,0,0,0,0,1,10.3,10.3
2022,12,6,Jordan Akins(FA),5,5,61,12.2,25,1,1,0,0,0,1,1,10.1,10.1
2022,12,7,Jelani Woods(IND),8,9,98,12.3,28,1,0,0,0,0,0,1,9.8,9.8
2022,12,8,Foster Moreau(NO),3,7,33,11.0,17,0,1,0,0,0,0,1,9.3,9.3
2022,12,9,David Njoku(CLE),5,7,29,5.8,12,0,1,0,0,0,0,1,8.9,8.9
2022,12,10,John Bates(WAS),3,4,24,8.0,16,0,1,0,0,0,0,1,8.4,8.4
2022,12,11,Mark Andrews(BAL),4,7,50,12.5,25,1,0,0,0,0,0,1,7.0,7.0
2022,12,12,MyCole Pruitt(FA),2,3,9,4.5,5,0,1,0,0,0,0,1,6.9,6.9
2022,12,13,Ko Kieft(TB),1,1,5,5.0,5,0,1,0,0,0,0,1,6.5,6.5
2022,12,14,Durham Smythe(CHI),1,1,4,4.0,4,0,1,0,0,0,0,1,6.4,6.4
2022,12,15,Peyton Hendershot(FA),0,0,0,0,0,0,0,1,2,1,0,1,6.2,6.2
2022,12,16,Hayden Hurst(FA),6,9,57,9.5,29,1,0,0,0,0,0,1,5.7,5.7
2022,12,17,Jake Ferguson(DAL),3,3,57,19.0,30,1,0,0,0,0,0,1,5.7,5.7
2022,12,18,Tyler Conklin(LAC),3,3,50,16.7,29,1,0,0,0,0,0,1,5.0,5.0
2022,12,19,Pat Freiermuth(PIT),3,4,39,13.0,17,0,0,0,0,0,0,1,3.9,3.9
2022,12,20,Gerald Everett(FA),4,4,18,4.5,10,0,0,0,0,0,0,1,3.8,3.8
2022,12,21,Chig Okonkwo(TEN),3,5,35,11.7,17,0,0,0,0,0,0,1,3.5,3.5
2022,12,22,Noah Fant(SEA),3,3,34,11.3,24,1,0,0,0,0,0,1,3.4,3.4
2022,12,23,Austin Hooper(NE),3,4,30,10.0,12,0,0,0,0,0,0,1,3.0,3.0
2022,12,24,Cole Kmet(CHI),3,6,27,9.0,14,0,0,0,0,0,0,1,2.7,2.7
2022,12,25,Jody Fortson Jr.(FA),2,3,26,13.0,21,1,0,0,0,0,0,1,2.6,2.6
2022,12,26,George Kittle(SF),3,4,26,8.7,14,0,0,0,0,0,0,1,2.6,2.6
2022,12,27,Chris Myarick(FA),1,1,23,23.0,23,1,0,0,0,0,0,1,2.3,2.3
2022,12,28,James Mitchell(CAR),1,1,22,22.0,22,1,0,0,0,0,0,1,2.2,2.2
2022,12,29,Ian Thomas(LV),2,2,21,10.5,15,0,0,0,0,0,0,1,2.1,2.1
2022,12,30,Teagan Quitoriano(ATL),2,2,20,10.0,13,0,0,0,0,0,0,1,2.0,2.0
2022,12,31,Taysom Hill(NO),1,2,7,7.0,7,0,0,6,13,0,0,1,2.0,2.0
2022,12,32,Johnny Mundt(JAC),2,2,20,10.0,13,0,0,0,0,0,0,1,2.0,2.0
2022,12,33,Robert Tonyan(KC),3,3,20,6.7,17,0,0,0,0,0,0,1,2.0,2.0
2022,12,34,Will Dissly(LAC),2,3,17,8.5,12,0,0,0,0,0,0,1,1.7,1.7
2022,12,35,Adam Trautman(DEN),1,1,17,17.0,17,0,0,0,0,0,0,1,1.7,1.7
2022,12,36,Dawson Knox(BUF),2,2,17,8.5,15,0,0,0,0,0,0,1,1.7,1.7
2022,12,37,C.J. Uzomah(FA),3,3,17,5.7,8,0,0,0,0,0,0,1,1.7,1.7
2022,12,38,Noah Gray(KC),2,2,16,8.0,9,0,0,0,0,0,0,1,1.6,1.6
2022,12,39,Anthony Firkser(FA),1,1,16,16.0,16,0,0,0,0,0,0,1,1.6,1.6
2022,12,40,Cameron Brate(FA),2,5,15,7.5,9,0,0,0,0,0,0,1,1.5,1.5
2022,12,41,Mo Alie-Cox(IND),2,3,14,7.0,11,0,0,0,0,0,0,1,1.4,1.4
2022,12,42,Brycen Hopkins(FA),1,2,12,12.0,12,0,0,0,0,0,0,1,1.2,1.2
2022,12,43,Greg Dulcich(NYG),2,3,11,5.5,9,0,0,0,0,0,0,1,1.1,1.1
2022,12,44,Tanner Hudson(CIN),1,1,10,10.0,10,0,0,0,0,0,0,1,1.0,1.0
2022,12,45,Parker Hesse(FA),1,2,9,9.0,9,0,0,0,0,0,0,1,0.9,0.9
2022,12,46,Harrison Bryant(PHI),2,2,9,4.5,9,0,0,0,0,0,0,1,0.9,0.9
2022,12,47,Logan Thomas(FA),1,3,7,7.0,7,0,0,0,0,0,0,1,0.7,0.7
2022,12,48,Jacob Harris(FA),1,1,6,6.0,6,0,0,0,0,0,0,1,0.6,0.6
2022,12,49,Brock Wright(DET),2,3,6,3.0,5,0,0,0,0,0,0,1,0.6,0.6
2022,12,50,Evan Engram(DEN),1,1,4,4.0,4,0,0,0,0,0,0,1,0.4,0.4
2022,12,51,Quintin Morris(JAC),1,1,3,3.0,3,0,0,0,0,0,0,1,0.3,0.3
2022,12,52,Trevon Wesco(FA),1,1,3,3.0,3,0,0,0,0,0,0,1,0.3,0.3
2022,12,53,Tommy Tremble(CAR),1,2,2,2.0,2,0,0,0,0,0,0,1,0.2,0.2
2022,12,54,Trey McBride(ARI),1,3,1,1.0,1,0,0,0,0,0,0,1,0.1,0.1
2022,12,55,Tre' McKitty(FA),0,0,0,0,0,0,0,0,0,0,0,1,0.0,0.0
2022,12,56,Juwan Johnson(NO),0,2,0,0,0,0,0,0,0,0,0,1,0.0,0.0
2022,12,57,Charlie Woerner(ATL),0,0,0,0,0,0,0,0,0,0,0,1,0.0,0.0
2022,12,58,Lawrence Cager(WAS),1,2,20,20.0,20,1,0,0,0,0,0,1,0.0,0.0
2022,12,59,Tyler Davis(FA),0,1,0,0,0,0,0,0,0,0,0,1,0.0,0.0
2022,12,60,Cole Turner(WAS),0,1,0,0,0,0,0,0,0,0,0,1,0.0,0.0
2022,12,61,Cade Otton(TB),0,0,0,0,0,0,0,0,0,0,0,1,0.0,0.0
2022,12,62,Jack Stoll(NO),0,0,0,0,0,0,0,0,0,0,0,1,0.0,0.0
2022,12,63,Connor Heyward(PIT),0,0,0,0,0,0,0,0,0,0,0,1,0.0,0.0
2022,12,64,Chris Pierce Jr.(FA),0,0,0,0,0,0,0,0,0,0,0,1,0.0,0.0
2022,12,65,O.J. Howard(FA),0,2,0,0,0,0,0,0,0,0,0,1,0.0,0.0
2022,12,66,Jesper Horsted(FA),0,0,0,0,0,0,0,0,0,0,0,1,0.0,0.0
2022,12,67,Mike Gesicki(CIN),0,1,0,0,0,0,0,0,0,0,0,1,0.0,0.0
2022,12,68,Nick Boyle(FA),0,0,0,0,0,0,0,0,0,0,0,1,0.0,0.0
2022,12,69,Geoff Swaim(FA),0,1,0,0,0,0,0,0,0,0,0,1,0.0,0.0
2022,12,70,Grant Calcaterra(PHI),1,1,-2,-2.0,0,0,0,0,0,0,0,1,-0.2,-0.2
2022,12,71,Zach Gentry(FA),1,1,-4,-4.0,0,0,0,0,0,0,0,1,-0.4,-0.4
2022,13,1,Taysom Hill(NO),2,3,35,17.5,30,1,1,3,10,0,0,1,11.3,11.3
2022,13,2,Noah Fant(SEA),4,5,42,10.5,17,0,1,0,0,0,0,1,10.2,10.2
2022,13,3,Evan Engram(DEN),5,7,30,6.0,7,0,1,0,0,0,0,1,9.0,9.0
2022,13,4,Cade Otton(TB),6,10,28,4.7,10,0,1,0,0,0,0,1,8.8,8.8
2022,13,5,Greg Dulcich(NYG),6,8,85,14.2,30,2,0,0,0,0,0,1,8.5,8.5
2022,13,6,Gerald Everett(FA),5,6,80,16.0,19,0,0,0,0,0,0,1,8.0,8.0
2022,13,7,Connor Heyward(PIT),1,1,17,17.0,17,0,1,0,0,0,0,1,7.7,7.7
2022,13,8,Pat Freiermuth(PIT),3,5,76,25.3,57,1,0,0,0,0,0,1,7.6,7.6
2022,13,9,Cole Kmet(CHI),6,7,72,12.0,24,1,0,0,0,0,0,1,7.2,7.2
2022,13,10,Chig Okonkwo(TEN),4,5,68,17.0,41,1,0,0,0,0,0,1,6.8,6.8
2022,13,11,MyCole Pruitt(FA),1,1,7,7.0,7,0,1,0,0,0,0,1,6.7,6.7
2022,13,12,Mark Andrews(BAL),4,7,53,13.3,22,1,0,1,1,0,0,1,5.4,5.4
2022,13,13,Brevin Jordan(HOU),4,5,46,11.5,20,1,0,0,0,0,0,1,4.6,4.6
2022,13,14,Jack Stoll(NO),3,3,41,13.7,26,1,0,0,0,0,0,1,4.1,4.1
2022,13,15,Travis Kelce(KC),4,6,56,14.0,19,0,0,0,0,0,1,1,3.6,3.6
2022,13,16,Dalton Schultz(HOU),2,6,33,16.5,22,1,0,0,0,0,0,1,3.3,3.3
2022,13,17,T.J. Hockenson(MIN),4,6,33,8.3,13,0,0,0,0,0,0,1,3.3,3.3
2022,13,18,Foster Moreau(NO),1,3,32,32.0,32,1,0,0,0,0,0,1,3.2,3.2
2022,13,19,C.J. Uzomah(FA),1,1,31,31.0,31,1,0,0,0,0,0,1,3.1,3.1
2022,13,20,Isaiah Likely(BAL),4,4,30,7.5,12,0,0,0,0,0,0,1,3.0,3.0
2022,13,21,Adam Trautman(DEN),2,3,28,14.0,20,1,0,0,0,0,0,1,2.8,2.8
2022,13,22,Jelani Woods(IND),2,4,28,14.0,27,1,0,0,0,0,0,1,2.8,2.8
2022,13,23,Brock Wright(DET),2,2,25,12.5,14,0,0,0,0,0,0,1,2.5,2.5
2022,13,24,Daniel Bellinger(NYG),5,5,24,4.8,8,0,0,0,0,0,0,1,2.4,2.4
2022,13,25,Anthony Firkser(FA),2,2,24,12.0,15,0,0,0,0,0,0,1,2.4,2.4
2022,13,26,George Kittle(SF),2,3,22,11.0,19,0,0,0,0,0,0,1,2.2,2.2
2022,13,27,Austin Hooper(NE),3,5,22,7.3,9,0,0,0,0,0,0,1,2.2,2.2
2022,13,28,Will Dissly(LAC),2,2,22,11.0,19,0,0,0,0,0,0,1,2.2,2.2
2022,13,29,Jordan Akins(FA),3,6,21,7.0,11,0,0,0,0,0,0,1,2.1,2.1
2022,13,30,Durham Smythe(CHI),2,2,21,10.5,19,0,0,0,0,0,0,1,2.1,2.1
2022,13,31,Marcedes Lewis(FA),0,1,0,0,0,0,0,0,0,0,0,1,2.0,2.0
2022,13,32,Logan Thomas(FA),3,4,20,6.7,11,0,0,0,0,0,0,1,2.0,2.0
2022,13,33,Grant Calcaterra(PHI),1,1,19,19.0,19,0,0,0,0,0,0,1,1.9,1.9
2022,13,34,Kylen Granson(PHI),4,6,19,4.8,9,0,0,0,0,0,0,1,1.9,1.9
2022,13,35,Parker Hesse(FA),1,1,16,16.0,16,0,0,0,0,0,0,1,1.6,1.6
2022,13,36,Noah Gray(KC),1,1,15,15.0,15,0,0,0,0,0,0,1,1.5,1.5
2022,13,37,Tyler Kroft(FA),1,1,14,14.0,14,0,0,0,0,0,0,1,1.4,1.4
2022,13,38,Tyler Higbee(LAR),2,5,14,7.0,9,0,0,0,0,0,0,1,1.4,1.4
2022,13,39,Harrison Bryant(PHI),1,1,6,6.0,6,0,0,1,8,0,0,1,1.4,1.4
2022,13,40,Mitchell Wilcox(FA),1,1,13,13.0,13,0,0,0,0,0,0,1,1.3,1.3
2022,13,41,Hunter Henry(NE),2,5,13,6.5,9,0,0,0,0,0,0,1,1.3,1.3
2022,13,42,Ko Kieft(TB),1,2,12,12.0,12,0,0,0,0,0,0,1,1.2,1.2
2022,13,43,Colby Parkinson(LAR),1,1,12,12.0,12,0,0,0,0,0,0,1,1.2,1.2
2022,13,44,Hayden Hurst(FA),2,3,12,6.0,9,0,0,0,0,0,0,1,1.2,1.2
2022,13,45,Johnny Mundt(JAC),1,1,12,12.0,12,0,0,0,0,0,0,1,1.2,1.2
2022,13,46,Pharaoh Brown(MIA),1,1,11,11.0,11,0,0,0,0,0,0,1,1.1,1.1
2022,13,47,Robert Tonyan(KC),1,2,10,10.0,10,0,0,0,0,0,0,1,1.0,1.0
2022,13,48,Tyler Conklin(LAC),2,7,9,4.5,6,0,0,0,0,0,0,1,0.9,0.9
2022,13,49,Tre' McKitty(FA),1,1,8,8.0,8,0,0,0,0,0,0,1,0.8,0.8
2022,13,50,Zach Gentry(FA),1,1,8,8.0,8,0,0,0,0,0,0,1,0.8,0.8
2022,13,51,Jody Fortson Jr.(FA),1,1,6,6.0,6,0,0,0,0,0,0,1,0.6,0.6
2022,13,52,Jonnu Smith(PIT),2,2,6,3.0,6,0,0,0,0,0,0,1,0.6,0.6
2022,13,53,Geoff Swaim(FA),1,1,4,4.0,4,0,0,0,0,0,0,1,0.4,0.4
2022,13,54,Shane Zylstra(DET),1,1,4,4.0,4,0,0,0,0,0,0,1,0.4,0.4
2022,13,55,Stone Smartt(NYJ),2,3,3,1.5,5,0,0,0,0,0,0,1,0.3,0.3
2022,13,56,Luke Farrell(SF),1,1,3,3.0,3,0,0,0,0,0,0,1,0.3,0.3
2022,13,57,Peyton Hendershot(FA),0,0,0,0,0,0,0,0,0,0,0,1,0.0,0.0
2022,13,58,Josiah Deguara(ARI),0,1,0,0,0,0,0,0,0,0,0,1,0.0,0.0
2022,13,59,Sean McKeon(IND),0,0,0,0,0,0,0,0,0,0,0,1,0.0,0.0
2022,13,60,Chris Myarick(FA),0,0,0,0,0,0,0,0,0,0,0,1,0.0,0.0
2022,13,61,Feleipe Franks(ATL),0,0,0,0,0,0,0,0,0,0,0,1,0.0,0.0
2022,13,62,Cole Turner(WAS),0,0,0,0,0,0,0,0,0,0,0,1,0.0,0.0
2022,13,63,Teagan Quitoriano(ATL),0,3,0,0,0,0,0,0,0,0,0,1,0.0,0.0
2022,13,64,Dan Arnold(FA),0,0,0,0,0,0,0,0,0,0,0,1,0.0,0.0
2022,13,65,Eric Saubert(SEA),0,0,0,0,0,0,0,0,0,0,0,1,0.0,0.0
2022,13,66,N'Keal Harry(FA),1,1,49,49.0,49,1,0,0,0,0,0,1,0.0,0.0
2022,13,67,Tommy Sweeney(FA),0,0,0,0,0,0,0,0,0,0,0,1,0.0,0.0
2022,13,68,Dawson Knox(BUF),0,1,0,0,0,0,0,0,0,0,0,1,0.0,0.0
2022,13,69,Mike Gesicki(CIN),0,1,0,0,0,0,0,0,0,0,0,1,0.0,0.0
2022,13,70,Kevin Rader(FA),0,0,0,0,0,0,0,0,0,0,0,1,0.0,0.0
2022,13,71,Nick Boyle(FA),0,0,0,0,0,0,0,0,0,0,0,1,0.0,0.0
2022,13,72,Chris Manhertz(NYG),0,1,0,0,0,0,0,0,0,0,0,1,0.0,0.0
2022,13,73,Zach Wood(NO),0,0,0,0,0,0,0,0,0,0,0,1,0.0,0.0
2022,13,74,Nick Vannett(FA),0,0,0,0,0,0,0,0,0,0,0,1,0.0,0.0
2022,13,75,Beau Brinkley(FA),0,0,0,0,0,0,0,0,0,0,0,1,0.0,0.0
2022,13,76,Jake Ferguson(DAL),2,2,-1,-0.5,4,0,0,0,0,0,0,1,-0.1,-0.1
2022,13,77,Mo Alie-Cox(IND),1,1,6,6.0,6,0,0,0,0,0,1,1,-1.4,-1.4
2022,14,1,Evan Engram(DEN),11,15,162,14.7,25,3,2,0,0,0,0,1,28.2,28.2
2022,14,2,Chig Okonkwo(TEN),6,6,45,7.5,15,0,1,1,0,0,0,1,12.5,12.5
2022,14,3,David Njoku(CLE),7,9,59,8.4,14,0,1,1,-2,0,0,1,11.7,11.7
2022,14,4,Dawson Knox(BUF),4,7,41,10.3,24,1,1,0,0,0,0,1,10.1,10.1
2022,14,5,Pat Freiermuth(PIT),3,6,33,11.0,14,0,1,0,0,0,0,1,9.3,9.3
2022,14,6,Dalton Schultz(HOU),6,10,87,14.5,22,2,0,0,0,0,0,1,8.7,8.7
2022,14,7,Travis Kelce(KC),4,9,71,17.8,37,1,0,0,0,0,0,1,7.1,7.1
2022,14,8,Hunter Henry(NE),3,3,70,23.3,39,2,0,0,0,0,0,1,7.0,7.0
2022,14,9,Austin Hooper(NE),5,5,68,13.6,24,1,0,0,0,0,0,1,6.8,6.8
2022,14,10,T.J. Hockenson(MIN),6,8,77,12.8,21,1,0,0,0,0,1,1,5.7,5.7
2022,14,11,Noah Gray(KC),3,3,45,15.0,25,1,0,0,0,0,0,1,4.5,4.5
2022,14,12,Greg Dulcich(NYG),3,8,42,14.0,23,1,0,0,0,0,0,1,4.2,4.2
2022,14,13,Trey McBride(ARI),3,6,28,9.3,15,0,0,0,0,0,0,1,2.8,2.8
2022,14,14,George Kittle(SF),4,5,28,7.0,15,0,0,0,0,0,0,1,2.8,2.8
2022,14,15,Gerald Everett(FA),5,8,28,5.6,11,0,0,0,0,0,0,1,2.8,2.8
2022,14,16,Cade Otton(TB),4,5,28,7.0,11,0,0,0,0,0,0,1,2.8,2.8
2022,14,17,Tyler Conklin(LAC),5,8,28,5.6,7,0,0,0,0,0,0,1,2.8,2.8
2022,14,18,Grant Calcaterra(PHI),2,4,24,12.0,13,0,0,0,0,0,0,1,2.4,2.4
2022,14,19,Chris Manhertz(NYG),1,1,21,21.0,21,1,0,0,0,0,0,1,2.1,2.1
2022,14,20,Jack Stoll(NO),2,2,20,10.0,14,0,0,0,0,0,0,1,2.0,2.0
2022,14,21,Will Dissly(LAC),2,3,20,10.0,12,0,0,0,0,0,0,1,2.0,2.0
2022,14,22,Daniel Bellinger(NYG),3,3,19,6.3,11,0,0,0,0,0,0,1,1.9,1.9
2022,14,23,Shane Zylstra(DET),2,2,18,9.0,14,0,0,0,0,0,0,1,1.8,1.8
2022,14,24,Mark Andrews(BAL),2,6,17,8.5,10,0,0,0,0,0,0,1,1.7,1.7
2022,14,25,Connor Heyward(PIT),1,1,13,13.0,13,0,0,0,0,0,0,1,1.3,1.3
2022,14,26,Cameron Brate(FA),2,4,12,6.0,8,0,0,0,0,0,0,1,1.2,1.2
2022,14,27,Tyler Higbee(LAR),2,3,11,5.5,6,0,0,0,0,0,0,1,1.1,1.1
2022,14,28,Ko Kieft(TB),1,1,11,11.0,11,0,0,0,0,0,0,1,1.1,1.1
2022,14,29,Ian Thomas(LV),2,2,11,5.5,8,0,0,0,0,0,0,1,1.1,1.1
2022,14,30,Eric Tomlinson(FA),2,3,11,5.5,7,0,0,0,0,0,0,1,1.1,1.1
2022,14,31,Colby Parkinson(LAR),1,2,10,10.0,10,0,0,0,0,0,0,1,1.0,1.0
2022,14,32,Mitchell Wilcox(FA),1,2,10,10.0,10,0,0,0,0,0,0,1,1.0,1.0
2022,14,33,Nick Vannett(FA),1,2,9,9.0,9,0,0,0,0,0,0,1,0.9,0.9
2022,14,34,Brycen Hopkins(FA),1,1,8,8.0,8,0,0,0,0,0,0,1,0.8,0.8
2022,14,35,Harrison Bryant(PHI),1,1,8,8.0,8,0,0,0,0,0,0,1,0.8,0.8
2022,14,36,Stone Smartt(NYJ),1,1,8,8.0,8,0,0,0,0,0,0,1,0.8,0.8
2022,14,37,C.J. Uzomah(FA),1,2,7,7.0,7,0,0,0,0,0,0,1,0.7,0.7
2022,14,38,Stephen Anderson(FA),2,2,7,3.5,6,0,0,0,0,0,0,1,0.7,0.7
2022,14,39,Dan Arnold(FA),1,3,5,5.0,5,0,0,0,0,0,0,1,0.5,0.5
2022,14,40,Jordan Akins(FA),1,2,5,5.0,5,0,0,0,0,0,0,1,0.5,0.5
2022,14,41,Tre' McKitty(FA),1,1,5,5.0,5,0,0,0,0,0,0,1,0.5,0.5
2022,14,42,Eric Saubert(SEA),1,2,2,2.0,2,0,0,0,0,0,0,1,0.2,0.2
2022,14,43,Tommy Tremble(CAR),0,2,0,0,0,0,0,0,0,0,0,1,0.0,0.0
2022,14,44,Kenny Yeboah(DET),0,0,0,0,0,0,0,0,0,0,0,1,0.0,0.0
2022,14,45,Stephen Sullivan(CAR),0,1,0,0,0,0,0,0,0,0,0,1,0.0,0.0
2022,14,46,Charlie Woerner(ATL),0,0,0,0,0,0,0,0,0,0,0,1,0.0,0.0
2022,14,47,Chris Myarick(FA),0,0,0,0,0,0,0,0,0,0,0,1,0.0,0.0
2022,14,48,Brock Wright(DET),0,1,0,0,0,0,0,0,0,0,0,1,0.0,0.0
2022,14,49,Zach Gentry(FA),0,1,0,0,0,0,0,0,0,0,0,1,0.0,0.0
2022,14,50,Jonnu Smith(PIT),0,2,0,0,0,0,0,0,0,0,0,1,0.0,0.0
2022,14,51,Foster Moreau(NO),0,1,0,0,0,0,0,0,0,0,0,1,0.0,0.0
2022,14,52,Mike Gesicki(CIN),0,2,0,0,0,0,0,0,0,0,0,1,0.0,0.0
2022,14,53,Noah Fant(SEA),0,1,0,0,0,0,0,0,0,0,0,1,0.0,0.0
2022,14,54,Kevin Rader(FA),0,0,0,0,0,0,0,0,0,0,0,1,0.0,0.0
2022,14,55,Tyler Kroft(FA),0,0,0,0,0,0,0,0,0,0,0,1,0.0,0.0
2022,14,56,Geoff Swaim(FA),0,0,0,0,0,0,0,0,0,0,0,1,0.0,0.0
2022,15,1,George Kittle(SF),4,5,93,23.3,54,2,2,0,0,0,0,1,21.3,21.3
2022,15,2,Juwan Johnson(NO),4,6,67,16.8,22,1,2,0,0,0,0,1,18.7,18.7
2022,15,3,C.J. Uzomah(FA),2,2,41,20.5,40,1,2,0,0,0,0,1,16.1,16.1
2022,15,4,Dawson Knox(BUF),6,8,98,16.3,45,2,1,0,0,0,0,1,15.8,15.8
2022,15,5,Brock Wright(DET),1,2,51,51.0,51,1,1,0,0,0,0,1,11.1,11.1
2022,15,6,Darren Waller(MIA),3,3,48,16.0,25,2,1,0,0,0,0,1,10.8,10.8
2022,15,7,Travis Kelce(KC),10,10,105,10.5,18,0,0,0,0,0,0,1,10.5,10.5
2022,15,8,Taysom Hill(NO),0,0,0,0,0,0,0,7,30,0,0,1,10.2,10.2
2022,15,9,Mitchell Wilcox(FA),3,3,34,11.3,19,0,1,0,0,0,0,1,9.4,9.4
2022,15,10,Noah Fant(SEA),5,6,32,6.4,12,0,1,0,0,0,0,1,9.2,9.2
2022,15,11,Eric Tomlinson(FA),3,3,28,9.3,18,0,1,0,0,0,0,1,8.8,8.8
2022,15,12,Tyler Higbee(LAR),4,5,27,6.8,8,0,1,0,0,0,0,1,8.7,8.7
2022,15,13,Jordan Akins(FA),3,6,22,7.3,12,0,1,0,0,0,0,1,8.2,8.2
2022,15,14,Peyton Hendershot(FA),1,1,20,20.0,20,1,1,0,0,0,0,1,8.0,8.0
2022,15,15,Quintin Morris(JAC),1,1,14,14.0,14,0,1,0,0,0,0,1,7.4,7.4
2022,15,16,Teagan Quitoriano(ATL),1,2,8,8.0,8,0,1,0,0,0,0,1,6.8,6.8
2022,15,17,Evan Engram(DEN),8,10,62,7.8,13,0,0,0,0,0,0,1,6.2,6.2
2022,15,18,Chig Okonkwo(TEN),4,5,54,13.5,28,1,0,1,6,0,0,1,6.0,6.0
2022,15,19,Trey McBride(ARI),4,5,55,13.8,29,1,0,0,0,0,0,1,5.5,5.5
2022,15,20,T.J. Hockenson(MIN),3,9,33,11.0,14,0,0,0,0,0,0,1,5.3,5.3
2022,15,21,Gerald Everett(FA),4,6,42,10.5,21,1,0,0,0,0,0,1,4.2,4.2
2022,15,22,Jelani Woods(IND),1,1,36,36.0,36,1,0,0,0,0,0,1,3.6,3.6
2022,15,23,Donald Parham Jr.(PIT),3,3,35,11.7,18,0,0,0,0,0,0,1,3.5,3.5
2022,15,24,Kylen Granson(PHI),2,2,34,17.0,21,1,0,0,0,0,0,1,3.4,3.4
2022,15,25,Austin Hooper(NE),2,4,33,16.5,17,0,0,0,0,0,0,1,3.3,3.3
2022,15,26,Noah Gray(KC),3,3,31,10.3,13,0,0,0,0,0,0,1,3.1,3.1
2022,15,27,Mark Andrews(BAL),3,7,31,10.3,19,0,0,0,0,0,0,1,3.1,3.1
2022,15,28,David Njoku(CLE),3,6,28,9.3,13,0,0,0,0,0,0,1,2.8,2.8
2022,15,29,Tyler Kroft(FA),1,1,28,28.0,28,1,0,0,0,0,0,1,2.8,2.8
2022,15,30,Cameron Brate(FA),2,5,25,12.5,21,1,0,0,0,0,0,1,2.5,2.5
2022,15,31,Cole Kmet(CHI),4,5,25,6.3,7,0,0,0,0,0,0,1,2.5,2.5
2022,15,32,Jonnu Smith(PIT),2,3,24,12.0,13,0,0,0,0,0,0,1,2.4,2.4
2022,15,33,Tommy Tremble(CAR),2,3,20,10.0,17,0,0,0,0,0,0,1,2.0,2.0
2022,15,34,MyCole Pruitt(FA),2,3,20,10.0,14,0,0,0,0,0,0,1,2.0,2.0
2022,15,35,Cade Otton(TB),1,1,20,20.0,20,1,0,0,0,0,0,1,2.0,2.0
2022,15,36,Foster Moreau(NO),2,2,20,10.0,12,0,0,0,0,0,0,1,2.0,2.0
2022,15,37,Isaiah Likely(BAL),2,3,18,9.0,9,0,0,0,0,0,0,1,1.8,1.8
2022,15,38,Nick Vannett(FA),1,1,15,15.0,15,0,0,0,0,0,0,1,1.5,1.5
2022,15,39,Dalton Schultz(HOU),2,4,15,7.5,9,0,0,0,0,0,0,1,1.5,1.5
2022,15,40,Marcedes Lewis(FA),1,1,14,14.0,14,0,0,0,0,0,0,1,1.4,1.4
2022,15,41,Will Dissly(LAC),1,1,13,13.0,13,0,0,0,0,0,0,1,1.3,1.3
2022,15,42,Josh Oliver(MIN),2,2,13,6.5,8,0,0,0,0,0,0,1,1.3,1.3
2022,15,43,James Mitchell(CAR),2,2,12,6.0,7,0,0,0,0,0,0,1,1.2,1.2
2022,15,44,Maxx Williams(FA),2,2,11,5.5,6,0,0,0,0,0,0,1,1.1,1.1
2022,15,45,Greg Dulcich(NYG),1,2,11,11.0,11,0,0,0,0,0,0,1,1.1,1.1
2022,15,46,Hunter Henry(NE),2,4,9,4.5,5,0,0,0,0,0,0,1,0.9,0.9
2022,15,47,Tyler Conklin(LAC),1,2,7,7.0,7,0,0,1,2,0,0,1,0.9,0.9
2022,15,48,Brevin Jordan(HOU),1,1,9,9.0,9,0,0,0,0,0,0,1,0.9,0.9
2022,15,49,Johnny Mundt(JAC),1,1,7,7.0,7,0,0,0,0,0,0,1,0.7,0.7
2022,15,50,Harrison Bryant(PHI),2,2,7,3.5,5,0,0,0,0,0,0,1,0.7,0.7
2022,15,51,Logan Thomas(FA),1,3,6,6.0,6,0,0,0,0,0,0,1,0.6,0.6
2022,15,52,Jack Stoll(NO),1,1,6,6.0,6,0,0,0,0,0,0,1,0.6,0.6
2022,15,53,Mike Gesicki(CIN),1,1,5,5.0,5,0,0,0,0,0,0,1,0.5,0.5
2022,15,54,Eric Saubert(SEA),1,2,5,5.0,5,0,0,0,0,0,0,1,0.5,0.5
2022,15,55,Shane Zylstra(DET),1,1,4,4.0,4,0,0,0,0,0,0,1,0.4,0.4
2022,15,56,Daniel Bellinger(NYG),1,4,4,4.0,4,0,0,0,0,0,0,1,0.4,0.4
2022,15,57,Robert Tonyan(KC),1,2,4,4.0,4,0,0,0,0,0,0,1,0.4,0.4
2022,15,58,Zach Gentry(FA),1,1,4,4.0,4,0,0,0,0,0,0,1,0.4,0.4
2022,15,59,Andrew Beck(NYJ),0,1,0,0,0,0,0,1,1,0,0,1,0.1,0.1
2022,15,60,John Bates(WAS),0,0,0,0,0,0,0,0,0,0,0,1,0.0,0.0
2022,15,61,Stephen Sullivan(CAR),0,0,0,0,0,0,0,0,0,0,0,1,0.0,0.0
2022,15,62,Tyler Davis(FA),0,0,0,0,0,0,0,0,0,0,0,1,0.0,0.0
2022,15,63,Jody Fortson Jr.(FA),0,1,0,0,0,0,0,0,0,0,0,1,0.0,0.0
2022,15,64,Matt Orzech(GB),0,0,0,0,0,0,0,0,0,0,0,1,0.0,0.0
2022,15,65,Adam Trautman(DEN),0,1,0,0,0,0,0,0,0,0,0,1,0.0,0.0
2022,15,66,Colby Parkinson(LAR),0,1,0,0,0,0,0,0,0,0,0,1,0.0,0.0
2022,15,67,Parker Hesse(FA),0,0,0,0,0,0,0,0,0,0,0,1,0.0,0.0
2022,15,68,Feleipe Franks(ATL),0,0,0,0,0,0,0,1,0,0,0,1,0.0,0.0
2022,15,69,Grant Calcaterra(PHI),0,2,0,0,0,0,0,0,0,0,0,1,0.0,0.0
2022,15,70,Ko Kieft(TB),0,0,0,0,0,0,0,0,0,0,0,1,0.0,0.0
2022,15,71,Connor Heyward(PIT),0,0,0,0,0,0,0,0,0,0,0,1,0.0,0.0
2022,15,72,Ryan Griffin(FA),0,0,0,0,0,0,0,0,0,0,0,1,0.0,0.0
2022,15,73,Anthony Firkser(FA),0,2,0,0,0,0,0,0,0,0,0,1,0.0,0.0
2022,15,74,Mo Alie-Cox(IND),0,1,0,0,0,0,0,0,0,0,0,1,0.0,0.0
2022,15,75,Tyree Jackson(WAS),0,0,0,0,0,0,0,0,0,0,0,1,0.0,0.0
2022,15,76,Ian Thomas(LV),0,0,0,0,0,0,0,0,0,0,0,1,0.0,0.0
2022,15,77,Kevin Rader(FA),0,0,0,0,0,0,0,0,0,0,0,1,0.0,0.0
2022,15,78,Durham Smythe(CHI),1,1,-2,-2.0,0,0,0,0,0,0,0,1,-0.2,-0.2
2022,16,1,George Kittle(SF),6,8,120,20.0,34,3,2,0,0,0,0,1,24.0,24.0
2022,16,2,T.J. Hockenson(MIN),13,16,109,8.4,16,0,2,0,0,0,0,1,22.9,22.9
2022,16,3,Tyler Higbee(LAR),9,11,94,10.4,21,1,2,0,0,0,0,1,21.4,21.4
2022,16,4,Shane Zylstra(DET),5,6,26,5.2,10,0,3,0,0,0,0,1,20.6,20.6
2022,16,5,Taysom Hill(NO),0,0,0,0,0,0,0,9,56,1,0,1,11.6,11.6
2022,16,6,Travis Kelce(KC),6,8,113,18.8,52,3,0,0,0,0,0,1,11.3,11.3
2022,16,7,Evan Engram(DEN),7,8,113,16.1,36,3,0,0,0,0,0,1,11.3,11.3
2022,16,8,Greg Dulcich(NYG),4,8,39,9.8,11,0,1,0,0,0,0,1,9.9,9.9
2022,16,9,Dawson Knox(BUF),3,5,38,12.7,24,1,1,0,0,0,0,1,9.8,9.8
2022,16,10,Marcedes Lewis(FA),2,2,32,16.0,31,1,1,0,0,0,0,1,9.2,9.2
2022,16,11,Noah Fant(SEA),2,3,12,6.0,6,0,1,0,0,0,0,1,7.2,7.2
2022,16,12,Dallas Goedert(PHI),3,3,67,22.3,25,3,0,0,0,0,0,1,6.7,6.7
2022,16,13,Pat Freiermuth(PIT),7,8,66,9.4,17,0,0,0,0,0,0,1,6.6,6.6
2022,16,14,Darren Waller(MIA),4,5,58,14.5,34,1,0,0,0,0,0,1,5.8,5.8
2022,16,15,Brycen Hopkins(FA),3,3,57,19.0,22,1,0,0,0,0,0,1,5.7,5.7
2022,16,16,Mark Andrews(BAL),3,5,45,15.0,36,1,0,0,0,0,0,1,4.5,4.5
2022,16,17,Colby Parkinson(LAR),3,4,45,15.0,39,1,0,0,0,0,0,1,4.5,4.5
2022,16,18,Jelani Woods(IND),3,5,43,14.3,17,0,0,0,0,0,0,1,4.3,4.3
2022,16,19,Dalton Schultz(HOU),3,4,43,14.3,21,1,0,0,0,0,0,1,4.3,4.3
2022,16,20,Jordan Akins(FA),3,3,39,13.0,30,1,0,0,0,0,0,1,3.9,3.9
2022,16,21,Logan Thomas(FA),6,8,35,5.8,15,0,0,0,0,0,0,1,3.5,3.5
2022,16,22,Mitchell Wilcox(FA),6,6,35,5.8,10,0,0,0,0,0,0,1,3.5,3.5
2022,16,23,Tyler Conklin(LAC),4,4,34,8.5,27,1,0,0,0,0,0,1,3.4,3.4
2022,16,24,James Mitchell(CAR),2,2,31,15.5,22,1,0,0,0,0,0,1,3.1,3.1
2022,16,25,C.J. Uzomah(FA),1,1,30,30.0,30,1,0,0,0,0,0,1,3.0,3.0
2022,16,26,Cole Kmet(CHI),5,6,27,5.4,7,0,0,0,0,0,0,1,2.7,2.7
2022,16,27,Daniel Bellinger(NYG),2,2,27,13.5,15,0,0,0,0,0,1,1,2.7,2.7
2022,16,28,Mike Gesicki(CIN),1,2,24,24.0,24,1,0,0,0,0,0,1,2.4,2.4
2022,16,29,Jake Ferguson(DAL),1,1,24,24.0,24,1,0,0,0,0,0,1,2.4,2.4
2022,16,30,Jonnu Smith(PIT),3,4,21,7.0,9,0,0,0,0,0,0,1,2.1,2.1
2022,16,31,Brevin Jordan(HOU),2,2,21,10.5,15,0,0,0,0,0,0,1,2.1,2.1
2022,16,32,Connor Heyward(PIT),0,3,0,0,0,0,0,1,21,0,0,1,2.1,2.1
2022,16,33,Austin Hooper(NE),2,3,20,10.0,15,0,0,0,0,0,0,1,2.0,2.0
2022,16,34,Will Dissly(LAC),1,1,19,19.0,19,0,0,0,0,0,0,1,1.9,1.9
2022,16,35,Foster Moreau(NO),2,3,19,9.5,10,0,0,0,0,0,0,1,1.9,1.9
2022,16,36,Tommy Tremble(CAR),2,2,18,9.0,18,0,0,0,0,0,0,1,1.8,1.8
2022,16,37,Trey McBride(ARI),3,4,17,5.7,7,0,0,0,0,0,0,1,1.7,1.7
2022,16,38,Dan Arnold(FA),1,1,17,17.0,17,0,0,0,0,0,0,1,1.7,1.7
2022,16,39,Johnny Mundt(JAC),1,1,16,16.0,16,0,0,0,0,0,0,1,1.6,1.6
2022,16,40,David Njoku(CLE),2,5,14,7.0,8,0,0,0,0,0,0,1,1.4,1.4
2022,16,41,Robert Tonyan(KC),1,2,13,13.0,13,0,0,0,0,0,0,1,1.3,1.3
2022,16,42,Ian Thomas(LV),1,3,12,12.0,12,0,0,0,0,0,0,1,1.2,1.2
2022,16,43,Cade Otton(TB),2,7,12,6.0,7,0,0,0,0,0,0,1,1.2,1.2
2022,16,44,Brock Wright(DET),1,1,11,11.0,11,0,0,0,0,0,0,1,1.1,1.1
2022,16,45,Tre' McKitty(FA),1,2,10,10.0,10,0,0,0,0,0,0,1,1.0,1.0
2022,16,46,Chig Okonkwo(TEN),1,2,10,10.0,10,0,0,0,0,0,0,1,1.0,1.0
2022,16,47,Anthony Firkser(FA),2,3,10,5.0,5,0,0,0,0,0,0,1,1.0,1.0
2022,16,48,Juwan Johnson(NO),1,2,9,9.0,9,0,0,0,0,0,0,1,0.9,0.9
2022,16,49,Donald Parham Jr.(PIT),1,2,8,8.0,8,0,0,0,0,0,0,1,0.8,0.8
2022,16,50,Noah Gray(KC),1,1,8,8.0,8,0,0,0,0,0,0,1,0.8,0.8
2022,16,51,Durham Smythe(CHI),1,1,8,8.0,8,0,0,0,0,0,0,1,0.8,0.8
2022,16,52,Parker Hesse(FA),1,1,8,8.0,8,0,0,0,0,0,0,1,0.8,0.8
2022,16,53,Josh Oliver(MIN),1,3,6,6.0,6,0,0,0,0,0,0,1,0.6,0.6
2022,16,54,Devin Asiasi(FA),2,2,5,2.5,6,0,0,0,0,0,0,1,0.5,0.5
2022,16,55,Josiah Deguara(ARI),1,1,4,4.0,4,0,0,0,0,0,0,1,0.4,0.4
2022,16,56,Isaiah Likely(BAL),1,2,4,4.0,4,0,0,0,0,0,0,1,0.4,0.4
2022,16,57,Mo Alie-Cox(IND),1,2,2,2.0,2,0,0,0,0,0,0,1,0.2,0.2
2022,16,58,Ryan Griffin(FA),1,1,2,2.0,2,0,0,0,0,0,0,1,0.2,0.2
2022,16,59,Zach Gentry(FA),1,1,1,1.0,1,0,0,0,0,0,0,1,0.1,0.1
2022,16,60,Kenny Yeboah(DET),0,0,0,0,0,0,0,0,0,0,0,1,0.0,0.0
2022,16,61,Quintin Morris(JAC),0,0,0,0,0,0,0,0,0,0,0,1,0.0,0.0
2022,16,62,Stephen Sullivan(CAR),0,0,0,0,0,0,0,0,0,0,0,1,0.0,0.0
2022,16,63,Tyler Davis(FA),0,0,0,0,0,0,0,0,0,0,0,1,0.0,0.0
2022,16,64,Adam Trautman(DEN),0,0,0,0,0,0,0,0,0,0,0,1,0.0,0.0
2022,16,65,Cole Turner(WAS),0,0,0,0,0,0,0,0,0,0,0,1,0.0,0.0
2022,16,66,Teagan Quitoriano(ATL),0,1,0,0,0,0,0,0,0,0,0,1,0.0,0.0
2022,16,67,Ko Kieft(TB),0,0,0,0,0,0,0,0,0,0,0,1,0.0,0.0
2022,16,68,Eric Saubert(SEA),0,0,0,0,0,0,0,0,0,0,0,1,0.0,0.0
2022,16,69,MyCole Pruitt(FA),0,1,0,0,0,0,0,0,0,0,0,1,0.0,0.0
2022,16,70,Nick Boyle(FA),0,0,0,0,0,0,0,0,0,0,0,1,0.0,0.0
2022,16,71,Tyler Kroft(FA),0,0,0,0,0,0,0,0,0,0,0,1,0.0,0.0
2022,16,72,Maxx Williams(FA),0,0,0,0,0,0,0,0,0,0,0,1,0.0,0.0
2022,16,73,Stephen Anderson(FA),0,2,0,0,0,0,0,0,0,0,0,1,0.0,0.0
2022,16,74,Nick Vannett(FA),0,0,0,0,0,0,0,0,0,0,0,1,0.0,0.0
2022,16,75,Patrick Scales(FA),0,0,0,0,0,0,0,0,0,0,0,1,0.0,0.0
2022,16,76,Geoff Swaim(FA),1,1,-1,-1.0,0,0,0,0,0,0,0,1,-0.1,-0.1
2022,17,1,Dalton Schultz(HOU),7,10,56,8.0,13,0,2,0,0,0,0,1,17.6,17.6
2022,17,2,Trey McBride(ARI),7,10,78,11.1,26,1,1,0,0,0,0,1,13.8,13.8
2022,17,3,Brock Wright(DET),3,4,13,4.3,9,0,2,0,0,0,0,1,13.3,13.3
2022,17,4,Darren Waller(MIA),3,5,72,24.0,24,3,1,0,0,0,0,1,13.2,13.2
2022,17,5,Taysom Hill(NO),1,1,10,10.0,10,0,0,14,46,1,0,1,12.6,12.6
2022,17,6,Robert Tonyan(KC),3,4,52,17.3,24,2,1,0,0,0,0,1,11.2,11.2
2022,17,7,Albert Okwuegbunam Jr.(IND),3,6,45,15.0,25,1,1,0,0,0,0,1,10.5,10.5
2022,17,8,Mark Andrews(BAL),9,9,100,11.1,19,0,0,0,0,0,0,1,10.0,10.0
2022,17,9,Colby Parkinson(LAR),5,7,36,7.2,12,0,1,0,0,0,0,1,9.6,9.6
2022,17,10,Tommy Tremble(CAR),3,3,33,11.0,17,0,1,0,0,0,0,1,9.3,9.3
2022,17,11,Cole Kmet(CHI),2,3,27,13.5,14,0,1,0,0,0,0,1,8.7,8.7
2022,17,12,George Kittle(SF),4,8,23,5.8,9,0,1,0,0,0,0,1,8.3,8.3
2022,17,13,Tyler Conklin(LAC),6,6,80,13.3,30,1,0,0,0,0,0,1,8.0,8.0
2022,17,14,Mike Gesicki(CIN),2,4,18,9.0,14,0,1,0,0,0,0,1,7.8,7.8
2022,17,15,Blake Bell(FA),1,1,17,17.0,17,0,1,0,0,0,0,1,7.7,7.7
2022,17,16,Gerald Everett(FA),3,3,15,5.0,7,0,1,0,0,0,0,1,7.5,7.5
2022,17,17,Isaiah Likely(BAL),3,5,12,4.0,11,0,1,0,0,0,0,1,7.2,7.2
2022,17,18,Tyler Mabry(FA),1,1,7,7.0,7,0,1,0,0,0,0,1,6.7,6.7
2022,17,19,Donald Parham Jr.(PIT),1,1,3,3.0,3,0,1,0,0,0,0,1,6.3,6.3
2022,17,20,Juwan Johnson(NO),5,7,62,12.4,21,1,0,0,0,0,0,1,6.2,6.2
2022,17,21,T.J. Hockenson(MIN),7,12,59,8.4,13,0,0,0,0,0,0,1,5.9,5.9
2022,17,22,Logan Thomas(FA),6,7,56,9.3,15,0,0,0,0,0,0,1,5.6,5.6
2022,17,23,Foster Moreau(NO),3,3,55,18.3,21,2,0,0,0,0,0,1,5.5,5.5
2022,17,24,Hunter Henry(NE),5,6,52,10.4,29,1,0,0,0,0,0,1,5.2,5.2
2022,17,25,MyCole Pruitt(FA),4,4,49,12.3,25,1,0,0,0,0,0,1,4.9,4.9
2022,17,26,Dallas Goedert(PHI),3,6,45,15.0,18,0,0,0,0,0,0,1,4.5,4.5
2022,17,27,Travis Kelce(KC),7,10,43,6.1,12,0,0,0,0,0,0,1,4.3,4.3
2022,17,28,Daniel Bellinger(NYG),3,3,42,14.0,24,1,0,0,0,0,0,1,4.2,4.2
2022,17,29,Noah Fant(SEA),2,3,40,20.0,29,1,0,0,0,0,0,1,4.0,4.0
2022,17,30,Jordan Akins(FA),2,3,38,19.0,29,1,0,0,0,0,0,1,3.8,3.8
2022,17,31,Pat Freiermuth(PIT),3,6,36,12.0,20,1,0,0,0,0,0,1,3.6,3.6
2022,17,32,Giovanni Ricci(MIN),1,1,32,32.0,32,1,0,0,0,0,0,1,3.2,3.2
2022,17,33,Eric Saubert(SEA),3,3,30,10.0,24,1,0,0,0,0,0,1,3.0,3.0
2022,17,34,Evan Engram(DEN),1,2,16,16.0,16,0,0,1,13,0,0,1,2.9,2.9
2022,17,35,O.J. Howard(FA),1,2,26,26.0,26,1,0,0,0,0,0,1,2.6,2.6
2022,17,36,Hayden Hurst(FA),2,2,25,12.5,21,1,0,0,0,0,0,1,2.5,2.5
2022,17,37,C.J. Uzomah(FA),3,7,24,8.0,12,0,0,0,0,0,0,1,2.4,2.4
2022,17,38,Chig Okonkwo(TEN),3,4,24,8.0,12,0,0,0,0,0,0,1,2.4,2.4
2022,17,39,Brycen Hopkins(FA),1,1,21,21.0,21,1,0,0,0,0,0,1,2.1,2.1
2022,17,40,David Njoku(CLE),1,3,21,21.0,21,1,0,0,0,0,0,1,2.1,2.1
2022,17,41,Brevin Jordan(HOU),1,3,20,20.0,20,1,0,0,0,0,0,1,2.0,2.0
2022,17,42,Jelani Woods(IND),3,4,19,6.3,11,0,0,0,0,0,0,1,1.9,1.9
2022,17,43,Harrison Bryant(PHI),2,3,19,9.5,12,0,0,0,0,0,0,1,1.9,1.9
2022,17,44,Cade Otton(TB),2,6,17,8.5,12,0,0,0,0,0,0,1,1.7,1.7
2022,17,45,Adam Trautman(DEN),1,1,16,16.0,16,0,0,0,0,0,0,1,1.6,1.6
2022,17,46,James Mitchell(CAR),1,1,15,15.0,15,0,0,0,0,0,0,1,1.5,1.5
2022,17,47,Noah Gray(KC),1,1,12,12.0,12,0,0,0,0,0,0,1,1.2,1.2
2022,17,48,Tyler Higbee(LAR),3,4,11,3.7,7,0,0,0,0,0,0,1,1.1,1.1
2022,17,49,Andrew Beck(NYJ),2,2,10,5.0,6,0,0,0,0,0,0,1,1.0,1.0
2022,17,50,Durham Smythe(CHI),1,1,9,9.0,9,0,0,0,0,0,0,1,0.9,0.9
2022,17,51,Ian Thomas(LV),1,1,9,9.0,9,0,0,0,0,0,0,1,0.9,0.9
2022,17,52,Jake Ferguson(DAL),1,1,7,7.0,7,0,0,0,0,0,0,1,0.7,0.7
2022,17,53,Shane Zylstra(DET),1,2,7,7.0,7,0,0,0,0,0,0,1,0.7,0.7
2022,17,54,Austin Hooper(NE),1,6,6,6.0,6,0,0,0,0,0,0,1,0.6,0.6
2022,17,55,Josiah Deguara(ARI),1,1,4,4.0,4,0,0,0,0,0,0,1,0.4,0.4
2022,17,56,Geoff Swaim(FA),1,1,4,4.0,4,0,0,0,0,0,0,1,0.4,0.4
2022,17,57,Peyton Hendershot(FA),0,1,0,0,0,0,0,0,0,0,0,1,0.0,0.0
2022,17,58,Tre' McKitty(FA),0,0,0,0,0,0,0,0,0,0,0,1,0.0,0.0
2022,17,59,Stephen Sullivan(CAR),0,2,0,0,0,0,0,0,0,0,0,1,0.0,0.0
2022,17,60,Tyler Davis(FA),0,0,0,0,0,0,0,0,0,0,0,1,0.0,0.0
2022,17,61,Nikola Kalinic(ATL),0,0,0,0,0,0,0,0,0,0,0,1,0.0,0.0
2022,17,62,Connor Heyward(PIT),0,0,0,0,0,0,0,0,0,0,0,1,0.0,0.0
2022,17,63,Ko Kieft(TB),0,1,0,0,0,0,0,0,0,0,0,1,0.0,0.0
2022,17,64,Ryan Griffin(FA),0,1,0,0,0,0,0,0,0,0,0,1,0.0,0.0
2022,17,65,Dan Arnold(FA),0,1,0,0,0,0,0,0,0,0,0,1,0.0,0.0
2022,17,66,Mo Alie-Cox(IND),0,1,0,0,0,0,0,0,0,0,0,1,0.0,0.0
2022,17,67,N'Keal Harry(FA),1,1,16,16.0,16,0,0,0,0,0,0,1,0.0,0.0
2022,17,68,Trevon Wesco(FA),0,0,0,0,0,0,0,0,0,0,0,1,0.0,0.0
2022,17,69,Josh Oliver(MIN),0,1,0,0,0,0,0,0,0,0,0,1,0.0,0.0
2022,17,70,Patrick Scales(FA),0,0,0,0,0,0,0,0,0,0,0,1,0.0,0.0
