year,week,Rank,Player,Pass_CMP,Pass_ATT,Pass_PCT,Pass_YDS,Pass_Y/A,Pass_TD,INT,Sacks,Rush_ATT,Rush_YDS,Rush_TD,FL,G,FPTS,FPTS/G,ROST
2021,1,1,Kyler Murray(ARI),21,32,65.6,289,9.0,4,1,2,5,20,1,0,1,34.6,34.6,89.8%
2021,1,2,Patrick Mahomes II(KC),27,36,75.0,337,9.4,3,0,2,5,18,1,0,1,33.3,33.3,96.4%
2021,1,3,Jared Goff(DET),38,57,66.7,338,5.9,3,1,3,3,14,0,0,1,29.9,29.9,81.4%
2021,1,4,Jameis Winston(NYG),14,20,70.0,148,7.4,5,0,0,6,37,0,0,1,29.6,29.6,7.6%
2021,1,5,Tom Brady(FA),32,50,64.0,379,7.6,4,2,0,0,0,0,0,1,29.2,29.2,3.7%
2021,1,6,Jalen Hurts(PHI),27,35,77.1,264,7.5,3,0,1,7,62,0,0,1,28.8,28.8,98.3%
2021,1,7,Dak Prescott(DAL),42,58,72.4,403,6.9,3,1,1,4,13,0,0,1,28.4,28.4,77.3%
2021,1,8,Russell Wilson(NYG),18,23,78.3,254,11.0,4,0,3,5,9,0,0,1,27.1,27.1,22.1%
2021,1,9,Derek Carr(FA),34,56,60.7,435,7.8,2,1,3,4,6,0,0,1,25.0,25.0,15.1%
2021,1,10,Matthew Stafford(LAR),20,26,76.9,321,12.3,3,0,1,5,-5,0,0,1,24.3,24.3,47.0%
2021,1,11,Tyrod Taylor(NYJ),21,33,63.6,291,8.8,2,0,1,4,40,0,0,1,23.6,23.6,2.0%
2021,1,12,Trevor Lawrence(JAC),28,51,54.9,332,6.5,3,3,1,1,-2,0,0,1,22.1,22.1,48.5%
2021,1,13,Kirk Cousins(ATL),36,49,73.5,351,7.2,2,0,3,0,0,0,0,1,22.0,22.0,13.8%
2021,1,14,Daniel Jones(IND),22,37,59.5,267,7.2,1,0,2,6,27,1,1,1,21.4,21.4,20.6%
2021,1,15,Teddy Bridgewater(FA),28,36,77.8,264,7.3,2,0,2,3,19,0,0,1,20.5,20.5,1.4%
2021,1,16,Zach Wilson(MIA),20,37,54.1,258,7.0,2,1,6,0,0,0,0,1,19.3,19.3,5.0%
2021,1,17,Sam Darnold(SEA),24,35,68.6,279,8.0,1,0,1,5,-1,1,1,1,19.1,19.1,35.4%
2021,1,18,Joe Burrow(CIN),20,27,74.1,261,9.7,2,0,5,1,2,0,0,1,18.6,18.6,98.2%
2021,1,19,Carson Wentz(FA),25,38,65.8,251,6.6,2,0,3,4,23,0,1,1,18.3,18.3,1.3%
2021,1,20,Lamar Jackson(BAL),19,30,63.3,235,7.8,1,0,3,12,86,0,2,1,18.0,18.0,98.8%
2021,1,21,Josh Allen(BUF),30,51,58.8,270,5.3,1,0,3,9,44,0,1,1,17.2,17.2,99.3%
2021,1,22,Tua Tagovailoa(MIA),16,27,59.3,202,7.5,1,1,2,4,1,1,0,1,17.2,17.2,46.9%
2021,1,23,Ryan Tannehill(FA),21,35,60.0,212,6.1,1,1,6,2,17,1,2,1,15.2,15.2,1.1%
2021,1,24,Mac Jones(SF),29,39,74.4,281,7.2,1,0,1,0,0,0,0,1,15.2,15.2,3.7%
2021,1,25,Jimmy Garoppolo(LAR),17,25,68.0,314,12.6,1,0,1,3,2,0,1,1,14.8,14.8,2.4%
2021,1,26,Justin Herbert(LAC),31,47,66.0,337,7.2,1,1,2,4,-1,0,1,1,14.4,14.4,87.8%
2021,1,27,Baker Mayfield(TB),21,28,75.0,321,11.5,0,1,2,1,7,0,0,1,13.6,13.6,94.6%
2021,1,28,Ben Roethlisberger(FA),18,32,56.3,188,5.9,1,0,2,4,5,0,0,1,12.0,12.0,9.5%
2021,1,29,Taylor Heinicke(LAC),11,15,73.3,122,8.1,1,0,0,3,17,0,0,1,10.6,10.6,0.7%
2021,1,30,Matt Ryan(FA),21,35,60.0,164,4.7,0,0,3,2,8,0,0,1,7.4,7.4,0.1%
2021,1,31,Justin Fields(NYJ),2,2,100.0,10,5.0,0,0,0,1,3,1,0,1,6.7,6.7,81.6%
2021,1,32,Andy Dalton(CAR),27,38,71.1,206,5.4,0,1,3,2,13,0,1,1,6.5,6.5,1.7%
2021,1,33,Trey Lance(LAC),1,1,100.0,5,5.0,1,0,0,3,2,0,0,1,4.4,4.4,1.0%
2021,1,34,Aaron Rodgers(PIT),15,28,53.6,133,4.8,0,2,1,0,0,0,0,1,3.3,3.3,28.0%
2021,1,35,Marcus Mariota(WAS),0,0,0,0,0,0,0,0,1,31,0,0,1,3.1,3.1,3.0%
2021,1,36,Ryan Fitzpatrick(FA),3,6,50.0,13,2.2,0,0,1,1,2,0,0,1,0.7,0.7,1.0%
2021,1,37,Jordan Love(GB),5,7,71.4,68,9.7,0,0,1,0,0,0,1,1,0.7,0.7,71.9%
2021,1,38,Jacoby Brissett(ARI),0,0,0,0,0,0,0,0,2,4,0,0,1,0.4,0.4,3.2%
2021,1,39,Feleipe Franks(ATL),0,0,0,0,0,0,0,0,0,0,0,0,1,0.0,0.0,0.0%
2021,2,1,Kyler Murray(ARI),29,36,80.6,400,11.1,3,2,3,5,31,1,0,1,35.1,35.1,89.8%
2021,2,2,Lamar Jackson(BAL),18,26,69.2,239,9.2,1,2,1,16,107,2,0,1,34.3,34.3,98.8%
2021,2,3,Tom Brady(FA),24,36,66.7,276,7.7,5,0,3,1,6,0,1,1,29.6,29.6,3.7%
2021,2,4,Daniel Jones(IND),22,32,68.8,249,7.8,1,0,4,9,95,1,0,1,29.5,29.5,20.6%
2021,2,5,Aaron Rodgers(PIT),22,27,81.5,255,9.4,4,0,3,4,6,0,0,1,26.8,26.8,28.0%
2021,2,6,Kirk Cousins(ATL),22,32,68.8,244,7.6,3,0,1,2,35,0,0,1,25.3,25.3,13.8%
2021,2,7,Patrick Mahomes II(KC),24,31,77.4,343,11.1,3,1,0,1,3,0,0,1,25.0,25.0,96.4%
2021,2,8,Derek Carr(FA),28,37,75.7,382,10.3,2,0,2,4,9,0,0,1,24.2,24.2,15.1%
2021,2,9,Russell Wilson(NYG),22,31,71.0,343,11.1,2,0,3,3,16,0,0,1,23.3,23.3,22.1%
2021,2,10,Jalen Hurts(PHI),12,23,52.2,190,8.3,0,0,2,10,82,1,0,1,21.8,21.8,98.3%
2021,2,11,Teddy Bridgewater(FA),26,34,76.5,328,9.6,2,0,3,4,1,0,0,1,21.2,21.2,1.4%
2021,2,12,Taylor Heinicke(LAC),34,46,73.9,336,7.3,2,1,1,4,6,0,0,1,21.0,21.0,0.7%
2021,2,13,Sam Darnold(SEA),26,38,68.4,305,8.0,2,1,2,1,7,0,0,1,19.9,19.9,35.4%
2021,2,14,Jimmy Garoppolo(LAR),22,30,73.3,189,6.3,1,0,0,11,20,1,0,1,19.6,19.6,2.4%
2021,2,15,Jared Goff(DET),26,36,72.2,246,6.8,2,1,1,4,46,0,1,1,19.4,19.4,81.4%
2021,2,16,Matt Ryan(FA),35,46,76.1,300,6.5,2,3,1,2,3,0,0,1,19.3,19.3,0.1%
2021,2,17,Carson Wentz(FA),20,31,64.5,247,8.0,1,1,3,5,37,0,0,1,18.6,18.6,1.3%
2021,2,18,Baker Mayfield(TB),19,21,90.5,213,10.1,1,1,2,8,10,1,0,1,18.5,18.5,94.6%
2021,2,19,Matthew Stafford(LAR),19,30,63.3,278,9.3,2,1,1,2,1,0,0,1,18.2,18.2,47.0%
2021,2,20,Josh Allen(BUF),17,33,51.5,179,5.4,2,1,1,5,35,0,0,1,17.7,17.7,99.3%
2021,2,21,Justin Herbert(LAC),31,41,75.6,338,8.2,1,2,2,4,12,0,0,1,16.7,16.7,87.8%
2021,2,22,Tyrod Taylor(NYJ),10,11,90.9,125,11.4,1,0,0,1,15,1,0,1,16.5,16.5,2.0%
2021,2,23,Ben Roethlisberger(FA),27,40,67.5,295,7.4,1,1,2,0,0,0,0,1,14.8,14.8,9.5%
2021,2,24,Ryan Tannehill(FA),27,40,67.5,347,8.7,0,0,3,4,27,0,1,1,14.6,14.6,1.1%
2021,2,25,Joe Burrow(CIN),19,30,63.3,207,6.9,2,3,5,0,0,0,0,1,13.3,13.3,98.2%
2021,2,26,Jameis Winston(NYG),11,22,50.0,111,5.0,0,2,4,3,19,1,0,1,10.3,10.3,7.6%
2021,2,27,Trevor Lawrence(JAC),14,33,42.4,118,3.6,1,2,1,2,21,0,0,1,8.8,8.8,48.5%
2021,2,28,Andy Dalton(CAR),9,11,81.8,56,5.1,1,0,1,2,25,0,0,1,8.7,8.7,1.7%
2021,2,29,Dak Prescott(DAL),23,27,85.2,237,8.8,0,1,2,0,0,0,0,1,8.5,8.5,77.3%
2021,2,30,Mac Jones(SF),22,30,73.3,186,6.2,0,0,3,0,0,0,0,1,7.4,7.4,3.7%
2021,2,31,Davis Mills(HOU),8,18,44.4,102,5.7,1,1,1,2,-1,0,0,1,7.0,7.0,0.7%
2021,2,32,Jacoby Brissett(ARI),24,40,60.0,169,4.2,0,1,4,4,8,0,0,1,6.6,6.6,3.2%
2021,2,33,Zach Wilson(MIA),19,33,57.6,210,6.4,0,4,4,3,19,0,0,1,6.3,6.3,5.0%
2021,2,34,Justin Fields(NYJ),6,13,46.2,60,4.6,0,1,2,10,31,0,0,1,4.5,4.5,81.6%
2021,2,35,Tua Tagovailoa(MIA),1,4,25.0,13,3.3,0,0,2,0,0,0,0,1,0.5,0.5,46.9%
2021,2,36,Josh Rosen(FA),0,2,0.0,0,0.0,0,0,0,0,0,0,0,1,0.0,0.0,0.0%
2021,2,37,Jacob Eason(FA),2,5,40.0,25,5.0,0,1,0,0,0,0,0,1,0.0,0.0,0.0%
2021,2,38,Mitchell Trubisky(BUF),0,0,0,0,0,0,0,0,2,-2,0,0,1,-0.2,-0.2,1.1%
2021,2,39,Blaine Gabbert(FA),0,0,0,0,0,0,0,0,3,-3,0,0,1,-0.3,-0.3,1.1%
2021,2,40,Jordan Love(GB),0,0,0,0,0,0,0,0,3,-3,0,0,1,-0.3,-0.3,71.9%
2021,3,1,Josh Allen(BUF),32,43,74.4,358,8.3,4,0,0,4,9,1,0,1,37.2,37.2,99.3%
2021,3,2,Justin Herbert(LAC),26,38,68.4,281,7.4,4,0,1,4,16,0,0,1,30.8,30.8,87.8%
2021,3,3,Matthew Stafford(LAR),27,38,71.1,343,9.0,4,0,1,2,-2,0,0,1,29.5,29.5,47.0%
2021,3,4,Tom Brady(FA),41,55,74.5,432,7.9,1,0,3,3,14,1,0,1,28.7,28.7,3.7%
2021,3,5,Sam Darnold(SEA),23,34,67.6,304,8.9,0,0,3,8,11,2,0,1,25.3,25.3,35.4%
2021,3,6,Kirk Cousins(ATL),30,38,78.9,323,8.5,3,0,1,1,2,0,0,1,25.1,25.1,13.8%
2021,3,7,Patrick Mahomes II(KC),27,44,61.4,260,5.9,3,2,2,4,45,0,0,1,24.9,24.9,96.4%
2021,3,8,Ryan Tannehill(FA),18,27,66.7,197,7.3,3,2,1,5,56,0,0,1,23.5,23.5,1.1%
2021,3,9,Jalen Hurts(PHI),25,39,64.1,326,8.4,2,2,2,9,35,0,0,1,22.5,22.5,98.3%
2021,3,10,Taylor Heinicke(LAC),14,24,58.3,212,8.8,2,2,1,8,21,1,0,1,22.4,22.4,0.7%
2021,3,11,Derek Carr(FA),26,43,60.5,386,9.0,2,1,3,2,-2,0,0,1,22.2,22.2,15.1%
2021,3,12,Jacoby Brissett(ARI),32,49,65.3,215,4.4,0,0,2,7,37,1,0,1,20.3,20.3,3.2%
2021,3,13,Lamar Jackson(BAL),16,31,51.6,287,9.3,1,1,4,8,58,0,0,1,20.3,20.3,98.8%
2021,3,14,Dak Prescott(DAL),21,26,80.8,238,9.2,3,0,4,9,6,0,1,1,20.1,20.1,77.3%
2021,3,15,Kyler Murray(ARI),28,34,82.4,316,9.3,0,1,0,7,19,1,0,1,19.5,19.5,89.8%
2021,3,16,Joe Burrow(CIN),14,18,77.8,172,9.6,3,1,0,5,7,0,0,1,18.6,18.6,98.2%
2021,3,17,Aaron Rodgers(PIT),23,33,69.7,261,7.9,2,0,1,0,0,0,0,1,18.0,18.0,28.0%
2021,3,18,Baker Mayfield(TB),19,31,61.3,246,7.9,1,0,5,4,31,0,0,1,16.9,16.9,94.6%
2021,3,19,Russell Wilson(NYG),23,32,71.9,298,9.3,1,0,2,3,7,0,0,1,16.6,16.6,22.1%
2021,3,20,Daniel Jones(IND),24,35,68.6,266,7.6,0,0,2,8,39,0,0,1,16.5,16.5,20.6%
2021,3,21,Jimmy Garoppolo(LAR),25,40,62.5,257,6.4,2,1,4,1,4,0,1,1,15.7,15.7,2.4%
2021,3,22,Matt Ryan(FA),27,36,75.0,243,6.8,2,0,3,1,-1,0,1,1,15.6,15.6,0.1%
2021,3,23,Ben Roethlisberger(FA),38,58,65.5,318,5.5,1,2,4,1,5,0,0,1,15.2,15.2,9.5%
2021,3,24,Mac Jones(SF),30,51,58.8,270,5.3,1,3,2,6,28,0,0,1,14.6,14.6,3.7%
2021,3,25,Jameis Winston(NYG),13,21,61.9,128,6.1,2,0,3,5,4,0,0,1,13.5,13.5,7.6%
2021,3,26,Teddy Bridgewater(FA),19,25,76.0,235,9.4,0,0,2,4,24,0,0,1,11.8,11.8,1.4%
2021,3,27,Davis Mills(HOU),19,28,67.9,168,6.0,1,0,4,1,0,0,0,1,10.7,10.7,0.7%
2021,3,28,Trevor Lawrence(JAC),22,34,64.7,219,6.4,1,2,3,6,27,0,2,1,9.5,9.5,48.5%
2021,3,29,Jared Goff(DET),22,30,73.3,217,7.2,0,0,2,1,4,0,0,1,9.1,9.1,81.4%
2021,3,30,Carson Wentz(FA),19,37,51.4,194,5.2,0,0,2,0,0,0,0,1,7.8,7.8,1.3%
2021,3,31,Trey Lance(LAC),0,0,0,0,0,0,0,0,1,1,1,0,1,6.1,6.1,1.0%
2021,3,32,Zach Wilson(MIA),19,35,54.3,160,4.6,0,2,5,1,2,0,0,1,4.6,4.6,5.0%
2021,3,33,Justin Fields(NYJ),6,20,30.0,68,3.4,0,0,9,3,12,0,0,1,3.9,3.9,81.6%
2021,3,34,Mitchell Trubisky(BUF),1,1,100.0,1,1.0,0,0,0,4,19,0,0,1,1.9,1.9,1.1%
2021,3,35,Case Keenum(CHI),0,0,0,0,0,0,0,0,3,0,0,0,1,0.0,0.0,0.6%
2021,4,1,Sam Darnold(SEA),26,39,66.7,301,7.7,2,2,5,6,35,2,0,1,33.5,33.5,35.4%
2021,4,2,Patrick Mahomes II(KC),24,30,80.0,267,8.9,5,1,1,5,26,0,0,1,32.3,32.3,96.4%
2021,4,3,Matt Ryan(FA),25,42,59.5,283,6.7,4,0,1,1,17,0,0,1,29.0,29.0,0.1%
2021,4,4,Jalen Hurts(PHI),32,48,66.7,387,8.1,2,0,3,8,47,0,0,1,28.2,28.2,98.3%
2021,4,5,Taylor Heinicke(LAC),23,33,69.7,290,8.8,3,0,1,5,43,0,0,1,27.9,27.9,0.7%
2021,4,6,Daniel Jones(IND),28,40,70.0,402,10.1,2,1,0,4,27,0,0,1,27.8,27.8,20.6%
2021,4,7,Dak Prescott(DAL),14,22,63.6,188,8.5,4,0,0,4,35,0,0,1,27.0,27.0,77.3%
2021,4,8,Aaron Rodgers(PIT),20,36,55.6,248,6.9,2,0,3,3,2,1,0,1,24.1,24.1,28.0%
2021,4,9,Kyler Murray(ARI),24,32,75.0,268,8.4,2,0,3,6,39,0,0,1,22.6,22.6,89.8%
2021,4,10,Russell Wilson(NYG),16,23,69.6,149,6.5,2,0,3,4,26,1,0,1,22.6,22.6,22.1%
2021,4,11,Joe Burrow(CIN),25,32,78.1,348,10.9,2,0,1,3,4,0,0,1,22.3,22.3,98.2%
2021,4,12,Justin Herbert(LAC),25,38,65.8,222,5.8,3,0,2,3,4,0,0,1,21.3,21.3,87.8%
2021,4,13,Josh Allen(BUF),20,30,66.7,248,8.3,2,1,1,6,41,0,0,1,21.0,21.0,99.3%
2021,4,14,Trey Lance(LAC),9,18,50.0,157,8.7,2,0,1,7,41,0,0,1,20.4,20.4,1.0%
2021,4,15,Matthew Stafford(LAR),26,41,63.4,280,6.8,2,1,0,6,21,0,0,1,20.3,20.3,47.0%
2021,4,16,Lamar Jackson(BAL),22,37,59.5,316,8.5,1,0,3,7,28,0,0,1,19.4,19.4,98.8%
2021,4,17,Ryan Tannehill(FA),30,49,61.2,298,6.1,1,0,7,3,9,0,0,1,18.8,18.8,1.1%
2021,4,18,Zach Wilson(MIA),21,34,61.8,297,8.7,2,1,1,3,-2,0,0,1,18.7,18.7,5.0%
2021,4,19,Mac Jones(SF),31,40,77.5,275,6.9,2,1,4,1,-1,0,0,1,17.9,17.9,3.7%
2021,4,20,Carson Wentz(FA),24,32,75.0,228,7.1,2,0,2,5,8,0,0,1,17.9,17.9,1.3%
2021,4,21,Trevor Lawrence(JAC),17,24,70.8,204,8.5,0,0,1,8,36,1,0,1,17.8,17.8,48.5%
2021,4,22,Jared Goff(DET),24,38,63.2,299,7.9,2,0,4,3,8,0,2,1,16.8,16.8,81.4%
2021,4,23,Derek Carr(FA),21,34,61.8,196,5.8,2,1,4,3,6,0,0,1,15.4,15.4,15.1%
2021,4,24,Jacoby Brissett(ARI),20,30,66.7,199,6.6,2,0,3,3,8,0,1,1,14.8,14.8,3.2%
2021,4,25,Jameis Winston(NYG),17,23,73.9,226,9.8,1,0,0,0,0,0,0,1,13.0,13.0,7.6%
2021,4,26,Kirk Cousins(ATL),20,38,52.6,203,5.3,1,1,2,2,0,0,0,1,11.1,11.1,13.8%
2021,4,27,Tom Brady(FA),22,43,51.2,269,6.3,0,0,1,4,3,0,0,1,11.1,11.1,3.7%
2021,4,28,Ben Roethlisberger(FA),26,40,65.0,232,5.8,1,1,2,0,0,0,1,1,10.3,10.3,9.5%
2021,4,29,Jimmy Garoppolo(LAR),14,23,60.9,165,7.2,1,1,1,0,0,0,0,1,9.6,9.6,2.4%
2021,4,30,Baker Mayfield(TB),15,33,45.5,155,4.7,0,0,3,2,11,0,0,1,9.3,9.3,94.6%
2021,4,31,Justin Fields(NYJ),11,17,64.7,209,12.3,0,1,1,3,9,0,0,1,8.3,8.3,81.6%
2021,4,32,Mitchell Trubisky(BUF),1,1,100.0,8,8.0,0,0,0,4,10,1,0,1,7.3,7.3,1.1%
2021,4,33,Teddy Bridgewater(FA),7,16,43.8,65,4.1,1,0,2,1,2,0,0,1,6.8,6.8,1.4%
2021,4,34,Drew Lock(SEA),12,21,57.1,113,5.4,0,1,3,0,0,0,0,1,3.5,3.5,1.6%
2021,4,35,Feleipe Franks(ATL),0,0,0,0,0,0,0,0,1,3,0,0,1,0.3,0.3,0.0%
2021,4,36,Colt McCoy(FA),0,0,0,0,0,0,0,0,2,-2,0,0,1,-0.2,-0.2,0.0%
2021,4,37,Davis Mills(HOU),11,21,52.4,87,4.1,0,4,3,1,2,0,0,1,-0.3,-0.3,0.7%
2021,5,1,Justin Herbert(LAC),26,43,60.5,398,9.3,4,0,2,4,29,1,0,1,42.8,42.8,87.8%
2021,5,2,Lamar Jackson(BAL),37,43,86.0,442,10.3,4,0,2,14,62,0,1,1,41.9,41.9,98.8%
2021,5,3,Tom Brady(FA),30,41,73.2,411,10.0,5,0,2,1,13,0,0,1,37.7,37.7,3.7%
2021,5,4,Josh Allen(BUF),15,26,57.7,315,12.1,3,0,0,11,59,1,0,1,36.5,36.5,99.3%
2021,5,5,Jameis Winston(NYG),15,30,50.0,279,9.3,4,1,2,6,26,0,1,1,26.8,26.8,7.6%
2021,5,6,Davis Mills(HOU),21,29,72.4,312,10.8,3,0,3,1,2,0,0,1,24.7,24.7,0.7%
2021,5,7,Jalen Hurts(PHI),22,37,59.5,198,5.4,0,1,2,9,30,2,0,1,23.9,23.9,98.3%
2021,5,8,Baker Mayfield(TB),23,32,71.9,305,9.5,2,0,1,2,8,0,0,1,23.0,23.0,94.6%
2021,5,9,Trevor Lawrence(JAC),23,33,69.7,273,8.3,1,1,2,7,28,1,0,1,22.7,22.7,48.5%
2021,5,10,Carson Wentz(FA),25,35,71.4,402,11.5,2,0,2,2,5,0,1,1,22.6,22.6,1.3%
2021,5,11,Dak Prescott(DAL),22,32,68.8,302,9.4,3,1,2,2,6,0,1,1,21.7,21.7,77.3%
2021,5,12,Matt Ryan(FA),33,45,73.3,342,7.6,2,0,0,1,-1,0,0,1,21.6,21.6,0.1%
2021,5,13,Patrick Mahomes II(KC),33,54,61.1,272,5.0,2,2,2,8,61,0,1,1,21.0,21.0,96.4%
2021,5,14,Aaron Rodgers(PIT),27,39,69.2,344,8.8,2,1,2,0,0,0,0,1,20.8,20.8,28.0%
2021,5,15,Joe Burrow(CIN),26,38,68.4,281,7.4,2,2,3,3,11,0,0,1,20.3,20.3,98.2%
2021,5,16,Teddy Bridgewater(FA),24,38,63.2,288,7.6,2,1,2,1,11,0,0,1,19.6,19.6,1.4%
2021,5,17,Matthew Stafford(LAR),25,37,67.6,365,9.9,1,1,1,1,-1,0,0,1,17.5,17.5,47.0%
2021,5,18,Jacoby Brissett(ARI),27,39,69.2,275,7.1,2,1,3,0,0,0,1,1,16.0,16.0,3.2%
2021,5,19,Ben Roethlisberger(FA),15,25,60.0,253,10.1,2,0,1,1,-1,0,1,1,16.0,16.0,9.5%
2021,5,20,Trey Lance(LAC),15,29,51.7,192,6.6,0,1,2,16,89,0,0,1,15.6,15.6,1.0%
2021,5,21,Kirk Cousins(ATL),25,34,73.5,275,8.1,1,1,2,1,4,0,0,1,14.4,14.4,13.8%
2021,5,22,Ryan Tannehill(FA),14,22,63.6,197,9.0,1,0,3,3,21,0,0,1,14.0,14.0,1.1%
2021,5,23,Kyler Murray(ARI),22,31,71.0,239,7.7,1,0,2,7,1,0,0,1,13.7,13.7,89.8%
2021,5,24,Mac Jones(SF),23,30,76.7,231,7.7,1,1,1,1,3,0,0,1,12.5,12.5,3.7%
2021,5,25,Taylor Heinicke(LAC),20,41,48.8,248,6.0,0,2,2,5,40,0,0,1,11.9,11.9,0.7%
2021,5,26,Geno Smith(LV),10,17,58.8,131,7.7,1,1,0,3,23,0,0,1,10.5,10.5,35.8%
2021,5,27,Russell Wilson(NYG),11,16,68.8,152,9.5,1,1,2,2,10,0,0,1,10.1,10.1,22.1%
2021,5,28,Mike Glennon(FA),16,25,64.0,196,7.8,1,2,0,2,2,0,0,1,10.0,10.0,1.0%
2021,5,29,Sam Darnold(SEA),21,37,56.8,177,4.8,1,3,3,2,10,0,0,1,9.1,9.1,35.4%
2021,5,30,Zach Wilson(MIA),19,32,59.4,192,6.0,0,1,2,1,3,0,0,1,9.0,9.0,5.0%
2021,5,31,Justin Fields(NYJ),12,20,60.0,111,5.6,1,0,2,3,4,0,0,1,8.8,8.8,81.6%
2021,5,32,Derek Carr(FA),22,35,62.9,206,5.9,0,1,3,3,10,0,0,1,8.2,8.2,15.1%
2021,5,33,Jared Goff(DET),21,35,60.0,203,5.8,0,1,4,0,0,0,1,1,7.1,7.1,81.4%
2021,5,34,Daniel Jones(IND),5,13,38.5,98,7.5,0,0,0,3,9,0,0,1,4.8,4.8,20.6%
2021,5,35,Blaine Gabbert(FA),3,3,100.0,41,13.7,0,0,0,3,-1,0,0,1,1.5,1.5,1.1%
2021,5,36,Andy Dalton(CAR),1,1,100.0,8,8.0,0,0,0,0,0,0,0,1,0.3,0.3,1.7%
2021,5,37,Nathan Peterman(FA),0,0,0,0,0,0,0,0,2,2,0,0,1,0.2,0.2,0.0%
2021,6,1,Josh Allen(BUF),35,47,74.5,353,7.5,3,1,3,9,26,0,0,1,29.7,29.7,99.3%
2021,6,2,Kirk Cousins(ATL),33,48,68.8,373,7.8,3,0,0,2,16,0,0,1,28.5,28.5,13.8%
2021,6,3,Dak Prescott(DAL),36,51,70.6,445,8.7,3,1,0,3,10,0,1,1,27.8,27.8,77.3%
2021,6,4,Matthew Stafford(LAR),22,28,78.6,251,9.0,4,1,2,2,12,0,0,1,26.2,26.2,47.0%
2021,6,5,Jalen Hurts(PHI),12,26,46.2,115,4.4,1,1,2,10,44,2,0,1,26.0,26.0,98.3%
2021,6,6,Kyler Murray(ARI),20,30,66.7,229,7.6,4,0,2,7,6,0,0,1,25.8,25.8,89.8%
2021,6,7,Patrick Mahomes II(KC),32,47,68.1,397,8.4,2,2,3,3,31,0,0,1,25.0,25.0,96.4%
2021,6,8,Joe Burrow(CIN),19,29,65.5,271,9.3,3,1,2,5,20,0,0,1,23.8,23.8,98.2%
2021,6,9,Aaron Rodgers(PIT),17,23,73.9,195,8.5,2,0,3,7,19,1,0,1,23.7,23.7,28.0%
2021,6,10,Tua Tagovailoa(MIA),33,47,70.2,329,7.0,2,1,0,3,22,0,0,1,22.4,22.4,46.9%
2021,6,11,Derek Carr(FA),18,27,66.7,341,12.6,2,0,2,2,-1,0,0,1,21.5,21.5,15.1%
2021,6,12,Teddy Bridgewater(FA),35,49,71.4,334,6.8,3,3,5,2,9,0,1,1,21.3,21.3,1.4%
2021,6,13,Tom Brady(FA),34,42,81.0,297,7.1,2,1,0,4,1,0,0,1,19.0,19.0,3.7%
2021,6,14,Carson Wentz(FA),11,20,55.0,223,11.2,2,0,2,2,1,0,0,1,17.0,17.0,1.3%
2021,6,15,Sam Darnold(SEA),17,41,41.5,207,5.0,1,1,4,4,48,0,1,1,16.1,16.1,35.4%
2021,6,16,Trevor Lawrence(JAC),25,41,61.0,319,7.8,1,0,2,2,11,0,1,1,15.9,15.9,48.5%
2021,6,17,Mac Jones(SF),15,21,71.4,229,10.9,2,1,2,2,-4,0,1,1,15.8,15.8,3.7%
2021,6,18,Justin Fields(NYJ),16,27,59.3,174,6.4,1,1,4,6,43,0,0,1,14.3,14.3,81.6%
2021,6,19,Ryan Tannehill(FA),18,29,62.1,216,7.4,0,1,0,2,3,1,0,1,13.9,13.9,1.1%
2021,6,20,Lamar Jackson(BAL),19,27,70.4,167,6.2,1,2,3,8,51,0,0,1,13.8,13.8,98.8%
2021,6,21,Baker Mayfield(TB),19,28,67.9,234,8.4,2,1,5,3,8,0,2,1,13.2,13.2,94.6%
2021,6,22,Justin Herbert(LAC),22,39,56.4,195,5.0,1,1,2,2,12,0,0,1,12.0,12.0,87.8%
2021,6,23,Ben Roethlisberger(FA),29,40,72.5,229,5.7,1,0,1,2,-3,0,1,1,10.9,10.9,9.5%
2021,6,24,Geno Smith(LV),23,32,71.9,209,6.5,1,0,5,1,-1,0,1,1,10.3,10.3,35.8%
2021,6,25,Taylor Heinicke(LAC),24,39,61.5,182,4.7,1,1,0,0,0,0,0,1,10.3,10.3,0.7%
2021,6,26,Jared Goff(DET),28,42,66.7,202,4.8,0,1,1,1,1,0,0,1,9.2,9.2,81.4%
2021,6,27,Davis Mills(HOU),29,43,67.4,243,5.7,0,2,2,2,5,0,0,1,8.2,8.2,0.7%
2021,6,28,Daniel Jones(IND),29,51,56.9,242,4.7,0,3,4,3,4,0,1,1,7.1,7.1,20.6%
2021,6,29,Brandon Allen(TEN),1,1,100.0,7,7.0,1,0,0,3,-3,0,0,1,4.0,4.0,0.1%
2021,6,30,Jacoby Brissett(ARI),1,1,100.0,25,25.0,0,0,0,0,0,0,0,1,1.0,1.0,3.2%
2021,6,31,Tyler Huntley(FA),0,0,0,0,0,0,0,0,3,10,0,0,1,1.0,1.0,1.0%
2021,6,32,Case Keenum(CHI),1,3,33.3,6,2.0,0,0,0,0,0,0,0,1,0.2,0.2,0.6%
2021,6,33,Kellen Mond(FA),0,0,0,0,0,0,0,0,0,0,0,0,1,0.0,0.0,0.0%
2021,6,34,Colt McCoy(FA),0,0,0,0,0,0,0,0,3,-3,0,0,1,-0.3,-0.3,0.0%
2021,6,35,John Wolford(JAC),0,2,0.0,0,0.0,0,1,0,2,-1,0,0,1,-1.1,-1.1,0.0%
2021,7,1,Tua Tagovailoa(MIA),32,40,80.0,291,7.3,4,2,1,4,29,0,0,1,28.5,28.5,46.9%
2021,7,2,Joe Burrow(CIN),23,38,60.5,416,10.9,3,1,1,1,0,0,0,1,27.6,27.6,98.2%
2021,7,3,Matthew Stafford(LAR),28,41,68.3,334,8.1,3,0,1,2,-2,0,0,1,27.2,27.2,47.0%
2021,7,4,Aaron Rodgers(PIT),27,35,77.1,274,7.8,3,0,3,2,17,0,0,1,24.7,24.7,28.0%
2021,7,5,Tom Brady(FA),20,36,55.6,211,5.9,4,0,0,0,0,0,0,1,24.4,24.4,3.7%
2021,7,6,Jalen Hurts(PHI),18,34,52.9,236,6.9,2,0,2,13,61,0,1,1,23.5,23.5,98.3%
2021,7,7,Lamar Jackson(BAL),15,31,48.4,257,8.3,1,0,5,12,88,0,0,1,23.1,23.1,98.8%
2021,7,8,Kyler Murray(ARI),20,28,71.4,261,9.3,3,1,4,6,10,0,0,1,22.4,22.4,89.8%
2021,7,9,Mac Jones(SF),24,36,66.7,307,8.5,2,0,1,3,19,0,0,1,22.2,22.2,3.7%
2021,7,10,Taylor Heinicke(LAC),25,37,67.6,268,7.2,1,1,4,10,95,0,1,1,21.2,21.2,0.7%
2021,7,11,Ryan Tannehill(FA),21,27,77.8,270,10.0,1,1,1,2,6,1,0,1,20.4,20.4,1.1%
2021,7,12,Carson Wentz(FA),17,26,65.4,150,5.8,2,0,1,4,23,1,1,1,20.3,20.3,1.3%
2021,7,13,Derek Carr(FA),31,34,91.2,323,9.5,2,1,0,2,1,0,0,1,20.0,20.0,15.1%
2021,7,14,Matt Ryan(FA),25,40,62.5,336,8.4,2,1,1,3,0,0,1,1,18.4,18.4,0.1%
2021,7,15,Jameis Winston(NYG),19,35,54.3,222,6.3,1,0,2,8,40,0,0,1,16.9,16.9,7.6%
2021,7,16,Daniel Jones(IND),23,33,69.7,203,6.2,1,0,2,8,28,0,0,1,16.5,16.5,20.6%
2021,7,17,Teddy Bridgewater(FA),23,33,69.7,187,5.7,2,1,2,2,3,0,0,1,14.8,14.8,1.4%
2021,7,18,Jared Goff(DET),22,36,61.1,268,7.4,1,2,2,1,3,0,0,1,13.0,13.0,81.4%
2021,7,19,Case Keenum(CHI),21,33,63.6,199,6.0,1,0,1,4,7,0,0,1,12.7,12.7,0.6%
2021,7,20,Geno Smith(LV),12,22,54.5,167,7.6,1,0,5,3,12,0,0,1,11.9,11.9,35.8%
2021,7,21,Mike White(BUF),20,32,62.5,202,6.3,1,2,1,0,0,0,0,1,10.1,10.1,1.1%
2021,7,22,Patrick Mahomes II(KC),20,35,57.1,206,5.9,0,1,4,6,35,0,1,1,8.7,8.7,96.4%
2021,7,23,Jimmy Garoppolo(LAR),16,27,59.3,181,6.7,1,2,2,2,0,0,1,1,7.2,7.2,2.4%
2021,7,24,Justin Fields(NYJ),22,32,68.8,184,5.8,0,3,4,8,38,0,2,1,4.2,4.2,81.6%
2021,7,25,Chad Henne(FA),11,16,68.8,82,5.1,0,0,0,1,4,0,0,1,3.7,3.7,0.6%
2021,7,26,Sam Darnold(SEA),16,25,64.0,112,4.5,0,1,3,0,0,0,0,1,3.5,3.5,35.4%
2021,7,27,Davis Mills(HOU),23,32,71.9,135,4.2,0,0,2,0,0,0,1,1,3.4,3.4,0.7%
2021,7,28,Brian Hoyer(FA),3,4,75.0,79,19.8,0,0,0,3,-3,0,0,1,2.9,2.9,0.0%
2021,7,29,P.J. Walker(FA),3,14,21.4,33,2.4,0,0,3,1,13,0,0,1,2.6,2.6,0.0%
2021,7,30,Zach Wilson(MIA),6,10,60.0,51,5.1,0,0,1,0,0,0,0,1,2.0,2.0,5.0%
2021,7,31,Tyler Huntley(FA),5,11,45.5,39,3.5,0,0,0,0,0,0,0,1,1.6,1.6,1.0%
2021,7,32,Blaine Gabbert(FA),2,3,66.7,15,5.0,0,0,0,0,0,0,0,1,0.6,0.6,1.1%
2021,7,33,Marcus Mariota(WAS),0,0,0,0,0,0,0,0,1,4,0,0,1,0.4,0.4,3.0%
2021,7,34,Logan Woodside(CIN),0,0,0,0,0,0,0,0,1,-1,0,0,1,-0.1,-0.1,0.0%
2021,7,35,Colt McCoy(FA),0,0,0,0,0,0,0,0,2,-1,0,0,1,-0.1,-0.1,0.0%
2021,8,1,Josh Allen(BUF),29,42,69.0,249,5.9,2,0,0,8,55,1,0,1,29.5,29.5,99.3%
2021,8,2,Mike White(BUF),37,45,82.2,405,9.0,3,2,2,5,-1,0,0,1,28.1,28.1,1.1%
2021,8,3,Jimmy Garoppolo(LAR),17,28,60.7,322,11.5,0,0,0,5,4,2,0,1,27.3,27.3,2.4%
2021,8,4,Tom Brady(FA),28,40,70.0,375,9.4,4,2,3,1,2,0,1,1,27.2,27.2,3.7%
2021,8,5,Justin Fields(NYJ),19,27,70.4,175,6.5,1,1,4,10,103,1,0,1,26.3,26.3,81.6%
2021,8,6,Matthew Stafford(LAR),21,32,65.6,305,9.5,3,0,0,0,0,0,0,1,24.2,24.2,47.0%
2021,8,7,Ryan Tannehill(FA),23,33,69.7,265,8.0,3,2,3,2,26,0,0,1,23.2,23.2,1.1%
2021,8,8,Geno Smith(LV),20,24,83.3,195,8.1,2,0,3,2,8,1,0,1,22.6,22.6,35.8%
2021,8,9,Davis Mills(HOU),29,38,76.3,310,8.2,2,1,5,0,0,0,0,1,21.4,21.4,0.7%
2021,8,10,Joe Burrow(CIN),21,34,61.8,259,7.6,3,1,3,1,-1,0,0,1,21.3,21.3,98.2%
2021,8,11,Carson Wentz(FA),27,51,52.9,231,4.5,3,2,1,3,11,0,0,1,20.3,20.3,1.3%
2021,8,12,Cooper Rush(BAL),24,40,60.0,325,8.1,2,1,3,1,2,0,1,1,18.2,18.2,1.8%
2021,8,13,Daniel Jones(IND),22,32,68.8,222,6.9,2,1,3,5,12,0,0,1,17.1,17.1,20.6%
2021,8,14,Tua Tagovailoa(MIA),21,39,53.8,205,5.3,0,1,2,4,10,1,0,1,16.2,16.2,46.9%
2021,8,15,Justin Herbert(LAC),18,35,51.4,223,6.4,2,2,3,2,9,0,0,1,15.8,15.8,87.8%
2021,8,16,Aaron Rodgers(PIT),22,37,59.5,184,5.0,2,0,1,2,3,0,0,1,15.7,15.7,28.0%
2021,8,17,Patrick Mahomes II(KC),29,48,60.4,275,5.7,1,1,2,3,10,0,0,1,15.0,15.0,96.4%
2021,8,18,Ben Roethlisberger(FA),22,34,64.7,266,7.8,1,0,2,1,0,0,0,1,14.6,14.6,9.5%
2021,8,19,Taylor Heinicke(LAC),24,39,61.5,270,6.9,1,2,5,1,10,0,0,1,13.8,13.8,0.7%
2021,8,20,Trevor Lawrence(JAC),32,54,59.3,238,4.4,1,1,1,3,11,0,0,1,13.6,13.6,48.5%
2021,8,21,Kirk Cousins(ATL),23,35,65.7,184,5.3,1,0,1,3,18,0,0,1,13.2,13.2,13.8%
2021,8,22,Teddy Bridgewater(FA),19,26,73.1,213,8.2,1,0,4,1,1,0,0,1,12.6,12.6,1.4%
2021,8,23,Sam Darnold(SEA),13,24,54.2,129,5.4,0,0,0,8,66,0,0,1,11.8,11.8,35.4%
2021,8,24,Mac Jones(SF),18,35,51.4,217,6.2,0,0,1,4,10,0,0,1,11.7,11.7,3.7%
2021,8,25,Jalen Hurts(PHI),9,14,64.3,103,7.4,0,0,0,7,71,0,0,1,11.2,11.2,98.3%
2021,8,26,Kyler Murray(ARI),22,33,66.7,274,8.3,0,2,2,6,21,0,0,1,11.1,11.1,89.8%
2021,8,27,Trevor Siemian(FA),16,29,55.2,159,5.5,1,0,1,2,2,0,0,1,10.6,10.6,0.0%
2021,8,28,Jameis Winston(NYG),6,10,60.0,56,5.6,1,0,0,4,40,0,0,1,10.2,10.2,7.6%
2021,8,29,Baker Mayfield(TB),20,31,64.5,225,7.3,0,0,4,1,5,0,0,1,9.5,9.5,94.6%
2021,8,30,Jared Goff(DET),25,34,73.5,222,6.5,0,0,5,0,0,0,0,1,8.9,8.9,81.4%
2021,8,31,Matt Ryan(FA),20,27,74.1,146,5.4,1,2,3,2,3,0,0,1,8.1,8.1,0.1%
2021,8,32,Josh Johnson(WAS),2,4,50.0,17,4.3,0,0,0,0,0,0,0,1,0.7,0.7,1.0%
2021,8,33,David Blough(FA),0,0,0,0,0,0,0,1,1,6,0,0,1,0.6,0.6,0.0%
2021,8,34,Gardner Minshew II(KC),2,2,100.0,11,5.5,0,0,0,0,0,0,0,1,0.4,0.4,3.0%
2021,8,35,John Wolford(JAC),1,2,50.0,5,2.5,0,0,1,0,0,0,0,1,0.2,0.2,0.0%
2021,8,36,Logan Woodside(CIN),0,0,0,0,0,0,0,0,1,-1,0,0,1,-0.1,-0.1,0.0%
2021,8,37,P.J. Walker(FA),0,1,0.0,0,0.0,0,0,0,1,-1,0,0,1,-0.1,-0.1,0.0%
2021,9,1,Lamar Jackson(BAL),27,41,65.9,266,6.5,3,2,3,21,120,0,0,1,32.6,32.6,98.8%
2021,9,2,Justin Herbert(LAC),32,38,84.2,356,9.4,2,0,0,5,14,1,0,1,31.6,31.6,87.8%
2021,9,3,Matt Ryan(FA),23,30,76.7,343,11.4,2,0,2,5,8,1,0,1,28.5,28.5,0.1%
2021,9,4,Josh Johnson(WAS),27,41,65.9,317,7.7,3,1,2,4,18,0,0,1,25.5,25.5,1.0%
2021,9,5,Carson Wentz(FA),22,30,73.3,272,9.1,3,0,1,4,13,0,0,1,24.2,24.2,1.3%
2021,9,6,Teddy Bridgewater(FA),19,28,67.9,249,8.9,1,0,4,3,-1,1,0,1,21.9,21.9,1.4%
2021,9,7,Kirk Cousins(ATL),17,28,60.7,187,6.7,2,0,0,1,1,1,0,1,21.6,21.6,13.8%
2021,9,8,Jimmy Garoppolo(LAR),28,40,70.0,326,8.2,2,1,5,1,3,0,0,1,20.3,20.3,2.4%
2021,9,9,Dak Prescott(DAL),19,39,48.7,232,5.9,2,1,2,2,16,0,0,1,19.9,19.9,77.3%
2021,9,10,Justin Fields(NYJ),17,29,58.6,291,10.0,1,1,3,8,45,0,0,1,19.1,19.1,81.6%
2021,9,11,Jalen Hurts(PHI),11,17,64.7,162,9.5,1,0,1,10,62,0,0,1,16.7,16.7,98.3%
2021,9,12,Baker Mayfield(TB),14,21,66.7,218,10.4,2,0,2,0,0,0,0,1,16.7,16.7,94.6%
2021,9,13,Colt McCoy(FA),22,26,84.6,249,9.6,1,0,2,7,23,0,0,1,16.3,16.3,0.0%
2021,9,14,Ben Roethlisberger(FA),21,30,70.0,205,6.8,2,0,4,2,0,0,0,1,16.2,16.2,9.5%
2021,9,15,Trevor Siemian(FA),25,41,61.0,249,6.1,2,0,1,0,0,0,1,1,16.0,16.0,0.0%
2021,9,16,Matthew Stafford(LAR),31,48,64.6,294,6.1,1,2,5,2,13,0,0,1,15.1,15.1,47.0%
2021,9,17,Ryan Tannehill(FA),19,27,70.4,143,5.3,1,1,3,2,3,1,0,1,15.0,15.0,1.1%
2021,9,18,Jordan Love(GB),19,34,55.9,190,5.6,1,1,1,5,23,0,0,1,12.9,12.9,71.9%
2021,9,19,Derek Carr(FA),30,46,65.2,296,6.4,1,2,1,2,5,0,1,1,12.3,12.3,15.1%
2021,9,20,Josh Allen(BUF),31,47,66.0,264,5.6,0,2,4,5,50,0,1,1,11.6,11.6,99.3%
2021,9,21,Jacoby Brissett(ARI),26,43,60.5,244,5.7,1,2,4,1,7,0,1,1,10.5,10.5,3.2%
2021,9,22,Patrick Mahomes II(KC),20,37,54.1,166,4.5,1,0,1,2,-2,0,0,1,10.4,10.4,96.4%
2021,9,23,Joe Burrow(CIN),28,40,70.0,282,7.1,0,2,5,2,1,0,0,1,9.4,9.4,98.2%
2021,9,24,Tyrod Taylor(NYJ),24,43,55.8,240,5.6,0,3,5,3,23,0,0,1,8.9,8.9,2.0%
2021,9,25,Daniel Jones(IND),15,20,75.0,110,5.5,1,0,2,4,17,0,1,1,8.1,8.1,20.6%
2021,9,26,Mike White(BUF),7,11,63.6,95,8.6,1,0,0,0,0,0,0,1,7.8,7.8,1.1%
2021,9,27,Mac Jones(SF),12,18,66.7,139,7.7,1,1,2,2,4,0,1,1,7.0,7.0,3.7%
2021,9,28,Trevor Lawrence(JAC),15,26,57.7,118,4.5,0,0,2,3,4,0,0,1,5.1,5.1,48.5%
2021,9,29,Sam Darnold(SEA),16,33,48.5,172,5.2,0,3,1,3,9,0,0,1,4.8,4.8,35.4%
2021,9,30,C.J. Beathard(FA),2,2,100.0,33,16.5,0,0,0,0,0,0,0,1,1.3,1.3,0.0%
2021,9,31,Marcus Mariota(WAS),0,0,0,0,0,0,0,0,1,6,0,0,1,0.6,0.6,3.0%
2021,9,32,Feleipe Franks(ATL),0,0,0,0,0,0,0,0,2,3,0,0,1,0.3,0.3,0.0%
2021,9,33,Brandon Allen(TEN),1,2,50.0,6,3.0,0,0,0,1,0,0,0,1,0.2,0.2,0.1%
2021,9,34,Chris Streveler(FA),0,0,0,0,0,0,0,0,1,2,0,0,1,0.2,0.2,0.0%
2021,9,35,Sam Ehlinger(DEN),0,0,0,0,0,0,0,0,1,1,0,0,1,0.1,0.1,0.0%
2021,9,36,Logan Woodside(CIN),0,0,0,0,0,0,0,0,1,-1,0,0,1,-0.1,-0.1,0.0%
2021,9,37,Brian Hoyer(FA),0,0,0,0,0,0,0,0,3,-3,0,0,1,-0.3,-0.3,0.0%
2021,10,1,Patrick Mahomes II(KC),35,50,70.0,406,8.1,5,0,0,0,0,0,0,1,36.2,36.2,96.4%
2021,10,2,Dak Prescott(DAL),24,31,77.4,296,9.5,2,0,0,2,5,1,0,1,26.3,26.3,77.3%
2021,10,3,Josh Allen(BUF),21,28,75.0,366,13.1,2,1,2,2,3,0,0,1,21.9,21.9,99.3%
2021,10,4,Mac Jones(SF),19,23,82.6,198,8.6,3,0,2,0,0,0,0,1,19.9,19.9,3.7%
2021,10,5,Trevor Siemian(FA),19,34,55.9,298,8.8,2,0,4,0,0,0,0,1,19.9,19.9,0.0%
2021,10,6,Jalen Hurts(PHI),16,23,69.6,178,7.7,2,1,2,13,55,0,0,1,19.6,19.6,98.3%
2021,10,7,Derek Carr(FA),25,35,71.4,261,7.5,2,1,2,3,18,0,0,1,19.2,19.2,15.1%
2021,10,8,Ryan Tannehill(FA),19,27,70.4,213,7.9,1,0,2,5,1,1,0,1,18.6,18.6,1.1%
2021,10,9,Kirk Cousins(ATL),25,37,67.6,294,7.9,2,0,2,4,-3,0,1,1,17.5,17.5,13.8%
2021,10,10,Lamar Jackson(BAL),26,43,60.5,238,5.5,1,1,4,9,39,0,0,1,16.4,16.4,98.8%
2021,10,11,Mason Rudolph(PIT),30,50,60.0,242,4.8,1,1,0,4,36,0,0,1,16.3,16.3,4.9%
2021,10,12,Taylor Heinicke(LAC),26,32,81.3,256,8.0,1,0,5,3,15,0,0,1,15.7,15.7,0.7%
2021,10,13,Jimmy Garoppolo(LAR),15,19,78.9,182,9.6,2,0,1,2,1,0,0,1,15.4,15.4,2.4%
2021,10,14,Tom Brady(FA),23,34,67.6,220,6.5,2,2,0,1,2,0,0,1,15.0,15.0,3.7%
2021,10,15,Justin Herbert(LAC),20,34,58.8,195,5.7,1,1,2,2,22,0,0,1,13.0,13.0,87.8%
2021,10,16,Tua Tagovailoa(MIA),8,13,61.5,158,12.2,0,0,1,3,0,1,0,1,12.3,12.3,46.9%
2021,10,17,Matthew Stafford(LAR),26,41,63.4,243,5.9,1,2,2,1,1,0,0,1,11.8,11.8,47.0%
2021,10,18,Cam Newton(FA),3,4,75.0,8,2.0,1,0,0,3,14,1,0,1,11.7,11.7,6.4%
2021,10,19,Aaron Rodgers(PIT),23,37,62.2,292,7.9,0,1,1,2,8,0,0,1,11.5,11.5,28.0%
2021,10,20,Trevor Lawrence(JAC),16,35,45.7,162,4.6,0,0,3,5,33,0,1,1,9.8,9.8,48.5%
2021,10,21,Teddy Bridgewater(FA),22,36,61.1,226,6.3,0,0,1,0,0,0,0,1,9.0,9.0,1.4%
2021,10,22,Russell Wilson(NYG),20,40,50.0,161,4.0,0,2,3,5,32,0,0,1,7.6,7.6,22.1%
2021,10,23,Brian Hoyer(FA),3,3,100.0,85,28.3,1,0,0,2,-2,0,0,1,7.2,7.2,0.0%
2021,10,24,Carson Wentz(FA),22,34,64.7,180,5.3,0,0,1,4,-1,0,0,1,7.1,7.1,1.3%
2021,10,25,Jacoby Brissett(ARI),11,23,47.8,156,6.8,0,0,2,1,4,0,0,1,6.6,6.6,3.2%
2021,10,26,P.J. Walker(FA),22,29,75.9,167,5.8,0,1,0,3,6,0,1,1,6.3,6.3,0.0%
2021,10,27,Mike White(BUF),24,44,54.5,251,5.7,0,4,1,0,0,0,0,1,6.0,6.0,1.1%
2021,10,28,Baker Mayfield(TB),11,21,52.4,73,3.5,1,1,2,0,0,0,0,1,5.9,5.9,94.6%
2021,10,29,Joe Flacco(CLE),3,3,100.0,47,15.7,1,0,0,0,0,0,0,1,5.9,5.9,14.9%
2021,10,30,Jared Goff(DET),14,25,56.0,114,4.6,0,0,4,0,0,0,0,1,4.6,4.6,81.4%
2021,10,31,Case Keenum(CHI),8,12,66.7,81,6.8,0,0,3,0,0,0,0,1,3.2,3.2,0.6%
2021,10,32,Matt Ryan(FA),9,21,42.9,117,5.6,0,2,2,0,0,0,0,1,2.7,2.7,0.1%
2021,10,33,Chris Streveler(FA),6,9,66.7,36,4.0,0,0,2,2,4,0,0,1,1.8,1.8,0.0%
2021,10,34,Colt McCoy(FA),11,20,55.0,107,5.4,0,1,2,1,-1,0,1,1,1.2,1.2,0.0%
2021,10,35,Cooper Rush(BAL),3,3,100.0,17,5.7,0,0,0,3,-6,0,0,1,0.1,0.1,1.8%
2021,10,36,Feleipe Franks(ATL),0,0,0,0,0,0,0,0,0,0,0,0,1,0.0,0.0,0.0%
2021,10,37,Chad Henne(FA),0,0,0,0,0,0,0,0,2,-2,0,0,1,-0.2,-0.2,0.6%
2021,10,38,Davis Webb(FA),0,0,0,0,0,0,0,0,2,-3,0,0,1,-0.3,-0.3,0.0%
2021,10,39,Josh Rosen(FA),1,6,16.7,14,2.3,0,1,0,0,0,0,0,1,-0.4,-0.4,0.0%
2021,11,1,Justin Herbert(LAC),30,41,73.2,382,9.3,3,1,2,9,90,0,0,1,35.3,35.3,87.8%
2021,11,2,Aaron Rodgers(PIT),23,33,69.7,385,11.7,4,0,2,2,21,0,0,1,33.5,33.5,28.0%
2021,11,3,Jalen Hurts(PHI),13,24,54.2,147,6.1,0,0,3,18,69,3,0,1,30.8,30.8,98.3%
2021,11,4,Trevor Siemian(FA),22,40,55.0,214,5.4,3,2,0,2,16,1,0,1,26.2,26.2,0.0%
2021,11,5,Cam Newton(FA),21,27,77.8,189,7.0,2,0,1,10,46,1,0,1,26.2,26.2,6.4%
2021,11,6,Kirk Cousins(ATL),24,35,68.6,341,9.7,3,0,2,2,-4,0,0,1,25.2,25.2,13.8%
2021,11,7,Taylor Heinicke(LAC),16,22,72.7,206,9.4,3,0,3,6,29,0,0,1,23.1,23.1,0.7%
2021,11,8,Ben Roethlisberger(FA),28,44,63.6,273,6.2,3,0,3,0,0,0,0,1,22.9,22.9,9.5%
2021,11,9,Colt McCoy(FA),35,44,79.5,328,7.5,2,0,2,6,18,0,0,1,22.9,22.9,0.0%
2021,11,10,Tom Brady(FA),30,46,65.2,307,6.7,2,1,0,1,10,0,0,1,20.3,20.3,3.7%
2021,11,11,Tyrod Taylor(NYJ),14,24,58.3,107,4.5,0,0,0,6,28,2,0,1,19.1,19.1,2.0%
2021,11,12,Tua Tagovailoa(MIA),27,33,81.8,273,8.3,2,1,0,3,6,0,0,1,18.5,18.5,46.9%
2021,11,13,Josh Allen(BUF),21,35,60.0,209,6.0,2,2,1,2,18,0,0,1,18.2,18.2,99.3%
2021,11,14,Joe Flacco(CLE),24,39,61.5,291,7.5,2,0,2,2,3,0,1,1,17.9,17.9,14.9%
2021,11,15,Andy Dalton(CAR),11,23,47.8,201,8.7,2,0,1,0,0,0,0,1,16.0,16.0,1.7%
2021,11,16,Jimmy Garoppolo(LAR),16,22,72.7,176,8.0,2,0,2,2,6,0,0,1,15.6,15.6,2.4%
2021,11,17,Ryan Tannehill(FA),35,52,67.3,323,6.2,1,4,2,2,3,0,0,1,13.2,13.2,1.1%
2021,11,18,Tyler Huntley(FA),26,36,72.2,219,6.1,0,1,6,7,40,0,0,1,11.8,11.8,1.0%
2021,11,19,Mac Jones(SF),22,26,84.6,207,8.0,1,1,3,6,1,0,0,1,11.4,11.4,3.7%
2021,11,20,Carson Wentz(FA),11,20,55.0,106,5.3,1,0,0,2,18,0,0,1,10.0,10.0,1.3%
2021,11,21,Baker Mayfield(TB),15,29,51.7,176,6.1,1,2,1,4,9,0,0,1,9.9,9.9,94.6%
2021,11,22,Daniel Jones(IND),23,38,60.5,167,4.4,1,2,2,3,10,0,0,1,9.7,9.7,20.6%
2021,11,23,Derek Carr(FA),19,27,70.4,215,8.0,1,1,2,0,0,0,1,1,9.6,9.6,15.1%
2021,11,24,Joe Burrow(CIN),20,29,69.0,148,5.1,1,0,3,3,11,0,1,1,9.0,9.0,98.2%
2021,11,25,Trevor Lawrence(JAC),16,25,64.0,158,6.3,0,0,3,3,23,0,0,1,8.6,8.6,48.5%
2021,11,26,Russell Wilson(NYG),14,26,53.8,207,8.0,0,0,4,2,2,0,0,1,8.5,8.5,22.1%
2021,11,27,Patrick Mahomes II(KC),23,37,62.2,260,7.0,0,1,3,7,11,0,1,1,8.5,8.5,96.4%
2021,11,28,Dak Prescott(DAL),28,43,65.1,216,5.0,0,2,5,0,0,0,1,1,4.6,4.6,77.3%
2021,11,29,Matt Ryan(FA),19,28,67.9,153,5.5,0,2,4,0,0,0,0,1,4.1,4.1,0.1%
2021,11,30,Justin Fields(NYJ),4,11,36.4,79,7.2,0,0,2,4,23,0,1,1,3.5,3.5,81.6%
2021,11,31,Tim Boyle(TEN),15,23,65.2,77,3.3,0,2,0,0,0,0,0,1,1.1,1.1,0.0%
2021,11,32,Sam Ehlinger(DEN),0,0,0,0,0,0,0,0,1,9,0,0,1,0.9,0.9,0.0%
2021,11,33,Trey Lance(LAC),0,0,0,0,0,0,0,0,3,4,0,0,1,0.4,0.4,1.0%
2021,11,34,Blaine Gabbert(FA),2,2,100.0,11,5.5,0,0,1,2,-2,0,0,1,0.2,0.2,1.1%
2021,11,35,Jordan Love(GB),0,0,0,0,0,0,0,0,1,-1,0,0,1,-0.1,-0.1,71.9%
2021,11,36,Mitchell Trubisky(BUF),3,5,60.0,19,3.8,0,1,0,0,0,0,0,1,-0.2,-0.2,1.1%
2021,11,37,Josh Rosen(FA),1,3,33.3,5,1.7,0,1,0,0,0,0,0,1,-0.8,-0.8,0.0%
2021,11,38,Feleipe Franks(ATL),0,1,0.0,0,0.0,0,1,0,0,0,0,0,1,-1.0,-1.0,0.0%
2021,12,1,Josh Allen(BUF),23,28,82.1,260,9.3,4,2,2,8,43,0,0,1,28.7,28.7,99.3%
2021,12,2,Aaron Rodgers(PIT),28,45,62.2,307,6.8,2,0,1,2,0,1,0,1,26.3,26.3,28.0%
2021,12,3,Dak Prescott(DAL),32,47,68.1,375,8.0,2,0,1,1,3,0,0,1,25.3,25.3,77.3%
2021,12,4,Matthew Stafford(LAR),21,38,55.3,302,7.9,3,1,2,1,-1,0,1,1,23.0,23.0,47.0%
2021,12,5,Carson Wentz(FA),27,44,61.4,306,7.0,3,2,3,3,21,0,1,1,22.3,22.3,1.3%
2021,12,6,Justin Herbert(LAC),28,44,63.6,303,6.9,2,2,3,4,36,0,0,1,21.7,21.7,87.8%
2021,12,7,Mac Jones(SF),23,32,71.9,310,9.7,2,0,2,2,11,0,0,1,21.5,21.5,3.7%
2021,12,8,Derek Carr(FA),24,39,61.5,373,9.6,1,0,3,2,21,0,0,1,21.0,21.0,15.1%
2021,12,9,Russell Wilson(NYG),20,31,64.5,247,8.0,2,0,2,2,16,0,0,1,19.5,19.5,22.1%
2021,12,10,Trevor Lawrence(JAC),23,42,54.8,228,5.4,1,1,1,5,39,0,0,1,18.0,18.0,48.5%
2021,12,11,Joe Burrow(CIN),20,24,83.3,190,7.9,1,1,2,1,8,1,0,1,17.4,17.4,98.2%
2021,12,12,Andy Dalton(CAR),24,39,61.5,317,8.1,1,1,1,6,11,0,0,1,16.8,16.8,1.7%
2021,12,13,Kirk Cousins(ATL),20,32,62.5,238,7.4,2,1,1,0,0,0,0,1,16.5,16.5,13.8%
2021,12,14,Tyrod Taylor(NYJ),17,26,65.4,158,6.1,2,1,5,2,30,0,0,1,16.3,16.3,2.0%
2021,12,15,Teddy Bridgewater(FA),11,18,61.1,129,7.2,1,0,0,2,10,1,0,1,16.2,16.2,1.4%
2021,12,16,Daniel Jones(IND),19,30,63.3,202,6.7,1,0,1,9,30,0,0,1,15.1,15.1,20.6%
2021,12,17,Lamar Jackson(BAL),20,32,62.5,165,5.2,1,4,2,17,68,0,0,1,13.4,13.4,98.8%
2021,12,18,Tua Tagovailoa(MIA),27,31,87.1,230,7.4,1,0,2,4,0,0,0,1,13.2,13.2,46.9%
2021,12,19,Jared Goff(DET),21,25,84.0,171,6.8,2,0,1,0,0,0,1,1,12.8,12.8,81.4%
2021,12,20,Baker Mayfield(TB),18,37,48.6,247,6.7,1,0,2,2,4,0,1,1,12.3,12.3,94.6%
2021,12,21,Jimmy Garoppolo(LAR),17,26,65.4,230,8.8,1,1,2,3,0,0,0,1,12.2,12.2,2.4%
2021,12,22,Taylor Heinicke(LAC),27,35,77.1,223,6.4,1,1,1,4,3,0,0,1,12.2,12.2,0.7%
2021,12,23,Tom Brady(FA),25,34,73.5,226,6.6,1,1,2,2,2,0,0,1,12.2,12.2,3.7%
2021,12,24,Matt Ryan(FA),19,29,65.5,190,6.6,1,1,1,4,6,0,0,1,11.2,11.2,0.1%
2021,12,25,Zach Wilson(MIA),14,24,58.3,145,6.0,0,1,4,2,3,1,0,1,11.1,11.1,5.0%
2021,12,26,Ben Roethlisberger(FA),24,41,58.5,263,6.4,1,2,3,0,0,0,1,1,10.5,10.5,9.5%
2021,12,27,Jalen Hurts(PHI),14,31,45.2,129,4.2,0,3,1,8,77,0,0,1,9.9,9.9,98.3%
2021,12,28,Trevor Siemian(FA),17,29,58.6,163,5.6,1,1,2,3,3,0,0,1,9.8,9.8,0.0%
2021,12,29,Ryan Tannehill(FA),11,21,52.4,93,4.4,1,1,2,5,24,0,0,1,9.1,9.1,1.1%
2021,12,30,Cam Newton(FA),5,21,23.8,92,4.4,0,2,1,3,5,1,0,1,8.2,8.2,6.4%
2021,12,31,Marcus Mariota(WAS),0,0,0,0,0,0,0,0,2,4,1,0,1,6.4,6.4,3.0%
2021,12,32,P.J. Walker(FA),5,10,50.0,87,8.7,0,1,4,0,0,0,0,1,2.5,2.5,0.0%
2021,12,33,Josh Johnson(WAS),0,0,0,0,0,0,0,0,0,0,0,0,1,2.0,2.0,1.0%
2021,12,34,Feleipe Franks(ATL),0,0,0,0,0,0,0,0,0,0,0,0,1,0.0,0.0,0.0%
2021,12,35,Drew Lock(SEA),4,7,57.1,26,3.7,0,1,1,0,0,0,0,1,0.0,0.0,1.6%
2021,12,36,Brandon Allen(TEN),0,1,0.0,0,0.0,0,0,0,1,-1,0,0,1,-0.1,-0.1,0.1%
2021,12,37,Brian Hoyer(FA),0,0,0,0,0,0,0,0,1,-1,0,0,1,-0.1,-0.1,0.0%
2021,13,1,Kyler Murray(ARI),11,15,73.3,123,8.2,2,0,1,10,59,2,0,1,30.8,30.8,89.8%
2021,13,2,Tom Brady(FA),38,51,74.5,368,7.2,4,1,0,1,-1,0,0,1,29.6,29.6,3.7%
2021,13,3,Justin Herbert(LAC),26,35,74.3,317,9.1,3,1,4,1,6,0,0,1,26.3,26.3,87.8%
2021,13,4,Matthew Stafford(LAR),26,38,68.4,295,7.8,3,0,1,1,2,0,0,1,24.0,24.0,47.0%
2021,13,5,Zach Wilson(MIA),23,38,60.5,226,5.9,2,1,2,3,0,1,0,1,22.0,22.0,5.0%
2021,13,6,Jared Goff(DET),25,41,61.0,296,7.2,3,1,3,2,1,0,1,1,20.9,20.9,81.4%
2021,13,7,Kirk Cousins(ATL),30,40,75.0,340,8.5,2,0,3,2,6,0,1,1,20.2,20.2,13.8%
2021,13,8,Ben Roethlisberger(FA),21,31,67.7,236,7.6,2,0,1,1,-1,0,0,1,19.3,19.3,9.5%
2021,13,9,Gardner Minshew II(KC),20,25,80.0,242,9.7,2,0,2,4,11,0,0,1,18.8,18.8,3.0%
2021,13,10,Joe Burrow(CIN),24,40,60.0,300,7.5,1,2,6,1,6,1,1,1,18.6,18.6,98.2%
2021,13,11,Lamar Jackson(BAL),23,37,62.2,253,6.8,1,1,7,8,55,0,0,1,18.6,18.6,98.8%
2021,13,12,Jimmy Garoppolo(LAR),20,30,66.7,299,10.0,2,2,1,2,0,0,0,1,18.0,18.0,2.4%
2021,13,13,Tua Tagovailoa(MIA),30,41,73.2,244,6.0,2,0,2,2,1,0,0,1,17.9,17.9,46.9%
2021,13,14,Russell Wilson(NYG),30,37,81.1,231,6.2,2,1,4,3,15,0,0,1,17.7,17.7,22.1%
2021,13,15,Andy Dalton(CAR),26,41,63.4,229,5.6,2,4,3,2,6,0,0,1,15.8,15.8,1.7%
2021,13,16,Taylor Heinicke(LAC),23,30,76.7,196,6.5,2,1,1,3,10,0,0,1,15.8,15.8,0.7%
2021,13,17,Teddy Bridgewater(FA),22,40,55.0,257,6.4,1,2,1,4,17,0,0,1,14.0,14.0,1.4%
2021,13,18,Patrick Mahomes II(KC),15,29,51.7,184,6.3,0,1,1,4,12,1,0,1,13.6,13.6,96.4%
2021,13,19,Derek Carr(FA),28,38,73.7,249,6.6,0,0,2,2,24,0,0,1,12.4,12.4,15.1%
2021,13,20,Dak Prescott(DAL),26,40,65.0,238,6.0,1,1,1,3,-3,0,0,1,12.2,12.2,77.3%
2021,13,21,Matt Ryan(FA),30,41,73.2,297,7.2,0,0,5,3,2,0,0,1,12.1,12.1,0.1%
2021,13,22,Josh Allen(BUF),15,30,50.0,145,4.8,1,0,2,6,39,0,1,1,11.7,11.7,99.3%
2021,13,23,Carson Wentz(FA),16,22,72.7,158,7.2,1,0,1,3,8,0,0,1,11.1,11.1,1.3%
2021,13,24,Trevor Lawrence(JAC),16,28,57.1,145,5.2,0,0,2,4,10,0,0,1,6.8,6.8,48.5%
2021,13,25,Mike Glennon(FA),23,44,52.3,187,4.3,0,1,3,0,0,0,0,1,6.5,6.5,1.0%
2021,13,26,Davis Mills(HOU),6,14,42.9,49,3.5,0,0,2,2,11,0,0,1,3.1,3.1,0.7%
2021,13,27,Tyrod Taylor(NYJ),5,13,38.5,45,3.5,0,1,2,3,15,0,0,1,2.3,2.3,2.0%
2021,13,28,Mac Jones(SF),2,3,66.7,19,6.3,0,0,0,5,-3,0,0,1,0.5,0.5,3.7%
2021,13,29,C.J. Beathard(FA),0,0,0,0,0,0,0,0,1,2,0,0,1,0.2,0.2,0.0%
2021,13,30,Sam Ehlinger(DEN),0,0,0,0,0,0,0,0,1,-1,0,0,1,-0.1,-0.1,0.0%
2021,14,1,Josh Allen(BUF),36,54,66.7,308,5.7,2,1,3,12,109,1,0,1,36.2,36.2,99.3%
2021,14,2,Tom Brady(FA),31,46,67.4,363,7.9,2,0,2,7,16,1,0,1,30.1,30.1,3.7%
2021,14,3,Aaron Rodgers(PIT),29,37,78.4,341,9.2,4,0,3,1,0,0,0,1,29.6,29.6,28.0%
2021,14,4,Ben Roethlisberger(FA),28,40,70.0,308,7.7,3,1,5,1,5,0,0,1,25.8,25.8,9.5%
2021,14,5,Justin Herbert(LAC),23,31,74.2,275,8.9,3,0,2,4,19,0,0,1,24.9,24.9,87.8%
2021,14,6,Matthew Stafford(LAR),23,30,76.7,287,9.6,3,0,3,0,0,0,0,1,23.5,23.5,47.0%
2021,14,7,Joe Burrow(CIN),25,34,73.5,348,10.2,2,0,5,2,3,0,0,1,22.2,22.2,98.2%
2021,14,8,Russell Wilson(NYG),17,28,60.7,260,9.3,2,0,0,2,8,0,0,1,21.2,21.2,22.1%
2021,14,9,Justin Fields(NYJ),18,33,54.5,224,6.8,2,2,2,9,74,0,1,1,20.4,20.4,81.6%
2021,14,10,Patrick Mahomes II(KC),20,24,83.3,258,10.8,2,0,3,4,20,0,0,1,20.3,20.3,96.4%
2021,14,11,Jimmy Garoppolo(LAR),27,41,65.9,296,7.2,2,0,5,1,3,0,0,1,20.1,20.1,2.4%
2021,14,12,Kyler Murray(ARI),32,49,65.3,383,7.8,0,2,4,7,61,0,0,1,19.4,19.4,89.8%
2021,14,13,Mike Glennon(FA),17,36,47.2,191,5.3,2,1,2,1,7,1,1,1,19.3,19.3,1.0%
2021,14,14,Davis Mills(HOU),33,49,67.3,331,6.8,1,0,2,2,8,0,0,1,18.0,18.0,0.7%
2021,14,15,Ryan Tannehill(FA),20,31,64.5,191,6.2,0,0,4,4,29,1,0,1,16.5,16.5,1.1%
2021,14,16,Kirk Cousins(ATL),14,31,45.2,216,7.0,2,2,0,2,14,0,0,1,16.0,16.0,13.8%
2021,14,17,Baker Mayfield(TB),22,32,68.8,190,5.9,2,1,0,6,14,0,0,1,16.0,16.0,94.6%
2021,14,18,Tyler Huntley(FA),27,38,71.1,270,7.1,1,0,3,6,45,0,2,1,15.3,15.3,1.0%
2021,14,19,Teddy Bridgewater(FA),18,25,72.0,179,7.2,2,0,1,0,0,0,0,1,15.2,15.2,1.4%
2021,14,20,Cam Newton(FA),15,23,65.2,178,7.7,0,1,1,10,47,1,1,1,14.8,14.8,6.4%
2021,14,21,Jared Goff(DET),24,39,61.5,215,5.5,1,1,2,2,10,0,0,1,12.6,12.6,81.4%
2021,14,22,Dak Prescott(DAL),22,39,56.4,211,5.4,1,2,4,7,15,0,0,1,11.9,11.9,77.3%
2021,14,23,Matt Ryan(FA),19,28,67.9,190,6.8,1,0,0,4,3,0,0,1,11.9,11.9,0.1%
2021,14,24,Derek Carr(FA),33,45,73.3,263,5.8,1,1,4,0,0,0,1,1,11.5,11.5,15.1%
2021,14,25,Zach Wilson(MIA),19,42,45.2,202,4.8,0,0,3,4,33,0,0,1,11.4,11.4,5.0%
2021,14,26,Taylor Heinicke(LAC),11,25,44.0,122,4.9,1,1,4,3,8,0,1,1,8.7,8.7,0.7%
2021,14,27,P.J. Walker(FA),6,12,50.0,75,6.3,1,1,0,2,-5,0,0,1,5.5,5.5,0.0%
2021,14,28,Trevor Lawrence(JAC),24,40,60.0,221,5.5,0,4,3,1,2,0,0,1,5.0,5.0,48.5%
2021,14,29,Kyle Allen(DET),4,9,44.4,53,5.9,0,0,1,2,11,0,1,1,1.2,1.2,1.1%
2021,14,30,Lamar Jackson(BAL),4,4,100.0,17,4.3,0,0,1,2,5,0,0,1,1.2,1.2,98.8%
2021,14,31,Colt McCoy(FA),0,0,0,0,0,0,0,0,0,0,0,0,1,0.0,0.0,0.0%
2021,14,32,Kurt Benkert(FA),0,0,0,0,0,0,0,0,2,-1,0,0,1,-0.1,-0.1,0.0%
2021,14,33,Chad Henne(FA),0,0,0,0,0,0,0,0,3,-2,0,0,1,-0.2,-0.2,0.6%
2021,14,34,Chase Daniel(FA),0,0,0,0,0,0,0,0,2,-2,0,0,1,-0.2,-0.2,0.0%
2021,14,35,Logan Woodside(CIN),0,0,0,0,0,0,0,0,3,-3,0,0,1,-0.3,-0.3,0.0%
2021,15,1,Tyler Huntley(FA),28,40,70.0,215,5.4,2,0,1,13,73,2,0,1,35.9,35.9,1.0%
2021,15,2,Patrick Mahomes II(KC),31,47,66.0,410,8.7,3,1,1,3,32,0,1,1,30.6,30.6,96.4%
2021,15,3,Jalen Hurts(PHI),20,26,76.9,296,11.4,1,1,3,8,38,2,1,1,28.6,28.6,98.3%
2021,15,4,Cam Newton(FA),18,38,47.4,156,4.1,1,1,4,15,71,1,0,1,24.3,24.3,6.4%
2021,15,5,Justin Herbert(LAC),22,38,57.9,236,6.2,2,1,0,5,16,1,0,1,24.0,24.0,87.8%
2021,15,6,Aaron Rodgers(PIT),23,31,74.2,268,8.6,3,0,3,4,11,0,0,1,23.8,23.8,28.0%
2021,15,7,Josh Allen(BUF),19,34,55.9,210,6.2,3,1,4,3,24,0,0,1,21.8,21.8,99.3%
2021,15,8,Jared Goff(DET),21,26,80.8,216,8.3,3,0,2,0,0,0,0,1,20.6,20.6,81.4%
2021,15,9,Mac Jones(SF),26,45,57.8,299,6.6,2,2,1,1,12,0,0,1,19.2,19.2,3.7%
2021,15,10,Justin Fields(NYJ),26,39,66.7,285,7.3,1,0,3,7,35,0,1,1,16.9,16.9,81.6%
2021,15,11,Matthew Stafford(LAR),21,29,72.4,244,8.4,2,1,4,3,-3,0,0,1,16.5,16.5,47.0%
2021,15,12,Tua Tagovailoa(MIA),16,27,59.3,196,7.3,2,2,1,7,19,0,0,1,15.7,15.7,46.9%
2021,15,13,Davis Mills(HOU),19,30,63.3,209,7.0,2,1,1,1,2,0,0,1,15.6,15.6,0.7%
2021,15,14,Jimmy Garoppolo(LAR),18,23,78.3,235,10.2,1,0,0,3,4,0,0,1,13.8,13.8,2.4%
2021,15,15,Kyler Murray(ARI),23,41,56.1,257,6.3,1,1,2,4,3,0,0,1,13.6,13.6,89.8%
2021,15,16,Matt Ryan(FA),19,32,59.4,236,7.4,1,0,3,5,20,0,1,1,13.4,13.4,0.1%
2021,15,17,Joe Burrow(CIN),15,22,68.2,157,7.1,1,0,3,5,25,0,0,1,12.8,12.8,98.2%
2021,15,18,Zach Wilson(MIA),13,23,56.5,170,7.4,0,0,6,4,12,1,1,1,12.0,12.0,5.0%
2021,15,19,Ben Roethlisberger(FA),16,25,64.0,148,5.9,0,0,3,3,0,1,0,1,11.9,11.9,9.5%
2021,15,20,Kirk Cousins(ATL),12,24,50.0,87,3.6,2,1,4,2,10,0,0,1,11.5,11.5,13.8%
2021,15,21,Derek Carr(FA),25,38,65.8,236,6.2,1,1,2,3,7,0,1,1,11.1,11.1,15.1%
2021,15,22,Ryan Tannehill(FA),23,32,71.9,153,4.8,0,1,4,5,18,1,1,1,10.9,10.9,1.1%
2021,15,23,Dak Prescott(DAL),28,37,75.7,217,5.9,1,0,3,2,-1,0,1,1,10.6,10.6,77.3%
2021,15,24,Trevor Lawrence(JAC),22,38,57.9,210,5.5,0,0,3,5,21,0,0,1,10.5,10.5,48.5%
2021,15,25,Nick Mullens(JAC),20,30,66.7,147,4.9,1,0,0,0,0,0,0,1,9.9,9.9,1.1%
2021,15,26,Garrett Gilbert(FA),20,31,64.5,194,6.3,0,0,2,0,0,0,0,1,7.8,7.8,0.0%
2021,15,27,Carson Wentz(FA),5,12,41.7,57,4.8,1,1,1,8,17,0,0,1,7.0,7.0,1.3%
2021,15,28,Tom Brady(FA),26,48,54.2,214,4.5,0,1,4,1,2,0,1,1,5.8,5.8,3.7%
2021,15,29,Drew Lock(SEA),6,12,50.0,88,7.3,1,0,1,1,-2,0,1,1,5.3,5.3,1.6%
2021,15,30,Russell Wilson(NYG),17,31,54.8,156,5.0,0,1,3,0,0,0,0,1,5.2,5.2,22.1%
2021,15,31,Teddy Bridgewater(FA),12,22,54.5,98,4.5,0,0,2,3,10,0,0,1,4.9,4.9,1.4%
2021,15,32,Jake Fromm(FA),6,12,50.0,82,6.8,0,0,1,0,0,0,0,1,3.3,3.3,0.0%
2021,15,33,Colt McCoy(FA),6,9,66.7,56,6.2,0,0,0,1,3,0,0,1,2.5,2.5,0.0%
2021,15,34,Mike Glennon(FA),13,24,54.2,99,4.1,0,3,0,1,0,0,0,1,1.0,1.0,1.0%
2021,15,35,Marcus Mariota(WAS),0,0,0,0,0,0,0,0,1,3,0,0,1,0.3,0.3,3.0%
2021,15,36,Jacoby Brissett(ARI),0,0,0,0,0,0,0,0,1,2,0,0,1,0.2,0.2,3.2%
2021,16,1,Joe Burrow(CIN),37,46,80.4,525,11.4,4,0,3,2,11,0,0,1,38.1,38.1,98.2%
2021,16,2,Dak Prescott(DAL),28,39,71.8,330,8.5,4,0,3,4,21,0,0,1,31.3,31.3,77.3%
2021,16,3,Josh Allen(BUF),30,47,63.8,314,6.7,3,0,0,12,64,0,0,1,31.0,31.0,99.3%
2021,16,4,Zach Wilson(MIA),14,22,63.6,102,4.6,1,0,1,4,91,1,0,1,23.2,23.2,5.0%
2021,16,5,Patrick Mahomes II(KC),23,30,76.7,258,8.6,3,0,2,0,0,0,0,1,22.3,22.3,96.4%
2021,16,6,Kyler Murray(ARI),27,43,62.8,245,5.7,1,0,0,4,74,0,0,1,21.9,21.9,89.8%
2021,16,7,Josh Johnson(WAS),28,40,70.0,304,7.6,2,1,1,5,10,0,0,1,20.2,20.2,1.0%
2021,16,8,Aaron Rodgers(PIT),24,34,70.6,202,5.9,3,0,0,1,-1,0,0,1,20.0,20.0,28.0%
2021,16,9,Justin Herbert(LAC),27,35,77.1,336,9.6,1,2,1,4,15,0,0,1,18.9,18.9,87.8%
2021,16,10,Davis Mills(HOU),21,27,77.8,254,9.4,2,0,1,1,-1,0,0,1,18.1,18.1,0.7%
2021,16,11,Carson Wentz(FA),18,28,64.3,225,8.0,2,0,2,2,4,0,0,1,17.4,17.4,1.3%
2021,16,12,Kirk Cousins(ATL),27,38,71.1,315,8.3,1,1,3,4,17,0,0,1,17.3,17.3,13.8%
2021,16,13,Nick Foles(FA),24,35,68.6,250,7.1,1,0,4,4,8,0,0,1,16.8,16.8,1.0%
2021,16,14,Jalen Hurts(PHI),17,29,58.6,199,6.9,2,0,1,2,7,0,0,1,16.7,16.7,98.3%
2021,16,15,Russell Wilson(NYG),16,27,59.3,181,6.7,2,0,2,2,13,0,0,1,16.5,16.5,22.1%
2021,16,16,Jimmy Garoppolo(LAR),26,35,74.3,322,9.2,1,2,2,1,3,0,0,1,15.2,15.2,2.4%
2021,16,17,Ryan Tannehill(FA),22,29,75.9,209,7.2,1,0,4,3,22,0,0,1,14.6,14.6,1.1%
2021,16,18,Tom Brady(FA),18,30,60.0,232,7.7,1,0,0,1,11,0,0,1,14.4,14.4,3.7%
2021,16,19,Baker Mayfield(TB),21,36,58.3,222,6.2,2,4,5,2,11,0,0,1,14.0,14.0,94.6%
2021,16,20,Matt Ryan(FA),18,24,75.0,215,9.0,1,0,3,4,5,0,0,1,13.1,13.1,0.1%
2021,16,21,Trevor Lawrence(JAC),26,39,66.7,280,7.2,0,0,1,6,37,0,1,1,12.9,12.9,48.5%
2021,16,22,Tua Tagovailoa(MIA),19,26,73.1,198,7.6,1,1,2,1,1,0,0,1,11.0,11.0,46.9%
2021,16,23,Tim Boyle(TEN),24,34,70.6,187,5.5,1,1,0,0,0,0,0,1,10.5,10.5,0.0%
2021,16,24,Matthew Stafford(LAR),21,37,56.8,197,5.3,1,3,0,3,8,0,0,1,9.7,9.7,47.0%
2021,16,25,Derek Carr(FA),20,25,80.0,201,8.0,1,1,2,7,5,0,1,1,9.5,9.5,15.1%
2021,16,26,Sam Darnold(SEA),15,32,46.9,190,5.9,0,0,4,1,11,0,0,1,8.7,8.7,35.4%
2021,16,27,Mike Glennon(FA),17,27,63.0,93,3.4,1,1,0,2,11,0,0,1,7.8,7.8,1.0%
2021,16,28,Ben Roethlisberger(FA),23,35,65.7,159,4.5,1,1,2,0,0,0,1,1,7.4,7.4,9.5%
2021,16,29,Drew Lock(SEA),15,22,68.2,153,7.0,0,0,2,2,10,0,0,1,7.1,7.1,1.6%
2021,16,30,Mac Jones(SF),14,32,43.8,145,4.5,0,2,1,6,33,0,0,1,7.1,7.1,3.7%
2021,16,31,Cooper Rush(BAL),2,3,66.7,70,23.3,1,0,0,2,0,0,0,1,6.8,6.8,1.8%
2021,16,32,Taylor Heinicke(LAC),7,22,31.8,121,5.5,1,2,4,1,-1,0,0,1,6.7,6.7,0.7%
2021,16,33,Kyle Allen(DET),8,10,80.0,67,6.7,1,0,1,0,0,0,0,1,6.7,6.7,1.1%
2021,16,34,Cam Newton(FA),7,13,53.8,61,4.7,0,1,3,5,42,0,0,1,5.6,5.6,6.4%
2021,16,35,Ian Book(FA),12,20,60.0,135,6.8,0,2,8,3,6,0,0,1,4.0,4.0,1.2%
2021,16,36,Mason Rudolph(PIT),5,8,62.5,35,4.4,0,0,0,1,17,0,0,1,3.1,3.1,4.9%
2021,16,37,Jake Fromm(FA),6,17,35.3,25,1.5,0,1,2,3,12,0,0,1,1.2,1.2,0.0%
2021,16,38,Blaine Gabbert(FA),0,1,0.0,0,0.0,0,0,0,0,0,0,0,1,0.0,0.0,1.1%
2021,16,39,Chad Henne(FA),0,0,0,0,0,0,0,0,2,0,0,0,1,0.0,0.0,0.6%
2021,16,40,Jacoby Brissett(ARI),0,0,0,0,0,0,0,1,0,0,0,0,1,0.0,0.0,3.2%
2021,17,1,Joe Burrow(CIN),30,39,76.9,446,11.4,4,0,4,5,10,0,0,1,34.8,34.8,98.2%
2021,17,2,Russell Wilson(NYG),20,29,69.0,236,8.1,4,0,1,6,24,0,0,1,27.8,27.8,22.1%
2021,17,3,Tom Brady(FA),34,50,68.0,410,8.2,3,1,1,0,0,0,0,1,27.4,27.4,3.7%
2021,17,4,Josh Allen(BUF),11,26,42.3,120,4.6,0,3,0,15,81,2,0,1,23.9,23.9,99.3%
2021,17,5,Dak Prescott(DAL),24,38,63.2,226,5.9,3,0,1,5,20,0,1,1,23.0,23.0,77.3%
2021,17,6,Kyler Murray(ARI),26,38,68.4,263,6.9,2,0,1,9,44,0,0,1,22.9,22.9,89.8%
2021,17,7,Mac Jones(SF),22,30,73.3,227,7.6,3,0,0,2,12,0,0,1,22.3,22.3,3.7%
2021,17,8,Patrick Mahomes II(KC),26,35,74.3,259,7.4,2,0,0,2,25,0,0,1,20.9,20.9,96.4%
2021,17,9,Aaron Rodgers(PIT),29,38,76.3,288,7.6,2,0,0,2,8,0,0,1,20.3,20.3,28.0%
2021,17,10,Trey Lance(LAC),16,23,69.6,249,10.8,2,1,1,8,31,0,0,1,20.1,20.1,1.0%
2021,17,11,Tim Boyle(TEN),22,37,59.5,262,7.1,2,3,0,1,14,0,0,1,18.9,18.9,0.0%
2021,17,12,Justin Herbert(LAC),22,31,71.0,237,7.6,2,0,0,4,2,0,0,1,17.7,17.7,87.8%
2021,17,13,Matthew Stafford(LAR),26,35,74.3,309,8.8,2,2,1,1,-1,0,1,1,16.3,16.3,47.0%
2021,17,14,Baker Mayfield(TB),16,38,42.1,185,4.9,2,2,9,2,16,0,0,1,15.0,15.0,94.6%
2021,17,15,Drew Lock(SEA),18,25,72.0,245,9.8,1,0,1,3,10,0,0,1,14.9,14.9,1.6%
2021,17,16,Ryan Tannehill(FA),13,18,72.2,120,6.7,2,0,1,4,7,0,0,1,13.5,13.5,1.1%
2021,17,17,Zach Wilson(MIA),19,33,57.6,234,7.1,1,0,1,2,0,0,0,1,13.4,13.4,5.0%
2021,17,18,Sean Mannion(FA),22,36,61.1,189,5.3,1,0,2,2,14,0,0,1,13.0,13.0,0.0%
2021,17,19,Jalen Hurts(PHI),17,26,65.4,214,8.2,0,0,1,7,44,0,0,1,13.0,13.0,98.3%
2021,17,20,Tyler Huntley(FA),20,32,62.5,197,6.2,0,1,5,6,54,0,0,1,12.3,12.3,1.0%
2021,17,21,Derek Carr(FA),24,31,77.4,255,8.2,1,2,2,0,0,0,0,1,12.2,12.2,15.1%
2021,17,22,Andy Dalton(CAR),18,35,51.4,173,4.9,1,1,2,3,14,0,0,1,11.3,11.3,1.7%
2021,17,23,Carson Wentz(FA),16,27,59.3,148,5.5,1,0,1,3,10,0,0,1,10.9,10.9,1.3%
2021,17,24,Trevor Lawrence(JAC),17,27,63.0,193,7.1,1,3,2,2,16,0,0,1,10.3,10.3,48.5%
2021,17,25,Taylor Heinicke(LAC),27,36,75.0,247,6.9,0,1,3,2,14,0,0,1,10.3,10.3,0.7%
2021,17,26,Davis Mills(HOU),21,32,65.6,163,5.1,1,1,3,1,4,0,0,1,9.9,9.9,0.7%
2021,17,27,Ben Roethlisberger(FA),24,46,52.2,123,2.7,1,1,2,1,-1,0,0,1,7.8,7.8,9.5%
2021,17,28,Matt Ryan(FA),13,23,56.5,197,8.6,0,0,5,2,7,0,1,1,6.6,6.6,0.1%
2021,17,29,Tua Tagovailoa(MIA),18,38,47.4,205,5.4,0,1,4,2,1,0,1,1,5.3,5.3,46.9%
2021,17,30,Sam Darnold(SEA),17,26,65.4,132,5.1,0,1,7,2,7,0,1,1,3.0,3.0,35.4%
2021,17,31,Brian Hoyer(FA),3,4,75.0,63,15.8,0,0,0,2,1,0,0,1,2.6,2.6,0.0%
2021,17,32,Jordan Love(GB),2,4,50.0,19,4.8,0,0,0,2,9,0,0,1,1.7,1.7,71.9%
2021,17,33,Marcus Mariota(WAS),0,1,0.0,0,0.0,0,0,0,3,16,0,0,1,1.6,1.6,3.0%
2021,17,34,Cam Newton(FA),0,0,0,0,0,0,0,0,1,5,0,0,1,0.5,0.5,6.4%
2021,17,35,Kellen Mond(FA),2,3,66.7,5,1.7,0,0,0,0,0,0,0,1,0.2,0.2,0.0%
2021,17,36,Brett Rypien(MIN),0,2,0.0,0,0.0,0,0,0,0,0,0,0,1,0.0,0.0,0.0%
2021,17,37,Trace McSorley(FA),0,0,0,0,0,0,0,0,0,0,0,0,1,0.0,0.0,0.8%
2021,17,38,Jacoby Brissett(ARI),0,0,0,0,0,0,0,0,0,0,0,0,1,0.0,0.0,3.2%
2021,17,39,Brandon Allen(TEN),0,1,0.0,0,0.0,0,0,0,1,0,0,0,1,0.0,0.0,0.1%
2021,17,40,Mike Glennon(FA),4,11,36.4,24,2.2,0,2,4,1,13,0,2,1,-3.7,-3.7,1.0%
